City_ID,City,Country,Date,Lat,Lng,Max Temp,Humidity,Cloudiness,Wind Speed
0,Pekan,MY,2021-07-05 03:34:39,3.4836,103.3996,86.11,70,78,7.05
1,Mwene-Ditu,CD,2021-07-05 03:34:39,-7.0,23.45,61.61,39,70,4.94
2,Ler,SS,2021-07-05 03:34:39,8.3018,30.1418,71.4,94,100,5.08
3,San Patricio,US,2021-07-05 03:34:39,28.017,-97.5169,84.83,77,100,7.7
4,Yulara,AU,2021-07-05 03:34:40,-25.2406,130.9889,55.24,38,99,8.05
5,Cidreira,BR,2021-07-05 03:34:40,-30.1811,-50.2056,57.29,89,98,12.66
6,Punta Arenas,CL,2021-07-05 03:34:40,-53.15,-70.9167,41.11,75,40,16.11
7,Busselton,AU,2021-07-05 03:34:41,-33.65,115.3333,53.04,60,100,24.99
8,Provideniya,RU,2021-07-05 03:34:41,64.3833,-173.3,50.11,76,90,8.95
9,Bredasdorp,ZA,2021-07-05 03:34:41,-34.5322,20.0403,49.32,76,5,8.05
10,Challapata,BO,2021-07-05 03:34:41,-18.9,-66.7667,40.98,21,0,2.86
11,Pindi Gheb,PK,2021-07-05 03:34:42,33.2402,72.2661,92.66,34,94,8.55
12,Sistranda,NO,2021-07-05 03:34:42,63.7256,8.834,58.96,89,6,4.47
13,Ambulu,ID,2021-07-05 03:34:42,-8.345,113.6058,83.35,59,39,9.69
14,Mataura,NZ,2021-07-05 03:34:43,-46.1927,168.8643,50.02,72,100,6.51
15,Fort Nelson,CA,2021-07-05 03:30:15,58.8053,-122.7002,76.59,41,20,3.44
16,Macherla,IN,2021-07-05 03:34:43,16.4833,79.4333,87.19,58,100,7.87
17,Qaqortoq,GL,2021-07-05 03:34:43,60.7167,-46.0333,54.1,80,100,2.1
18,Chimoio,MZ,2021-07-05 03:34:44,-19.1164,33.4833,51.03,56,0,2.55
19,Qaanaaq,GL,2021-07-05 03:34:44,77.484,-69.3632,30.36,79,32,1.3
20,Port Alfred,ZA,2021-07-05 03:34:44,-33.5906,26.891,53.15,72,12,15.14
21,Saint-Philippe,RE,2021-07-05 03:34:44,-21.3585,55.7679,71.15,71,43,11.27
22,Puerto Ayora,EC,2021-07-05 03:34:45,-0.7393,-90.3518,73.54,89,28,8.99
23,Ormenis,RO,2021-07-05 03:34:45,46.0167,25.55,59.36,96,100,0.89
24,Reyes,BO,2021-07-05 03:34:45,-14.3167,-67.3833,63.41,86,0,1.72
25,Carutapera,BR,2021-07-05 03:34:46,-1.195,-46.02,73.27,94,31,4.97
26,Witu,KE,2021-07-05 03:34:46,-2.3889,40.4382,75.36,80,31,10.33
27,Vaini,TO,2021-07-05 03:34:46,-21.2,-175.2,71.76,68,20,17.27
28,Paamiut,GL,2021-07-05 03:34:46,61.994,-49.6678,42.35,97,100,11.32
29,Albany,US,2021-07-05 03:29:52,42.6001,-73.9662,63.52,88,68,1.52
30,Ambilobe,MG,2021-07-05 03:34:47,-13.2,49.05,68.65,77,26,3.58
31,Kapaa,US,2021-07-05 03:34:47,22.0752,-159.319,84.18,74,75,3.0
32,Tangshan,CN,2021-07-05 03:34:48,39.6333,118.1833,89.69,41,100,5.41
33,Viedma,AR,2021-07-05 03:34:48,-40.8135,-62.9967,48.43,51,0,8.16
34,Hermanus,ZA,2021-07-05 03:34:48,-34.4187,19.2345,51.91,75,14,8.21
35,Rikitea,PF,2021-07-05 03:30:39,-23.1203,-134.9692,74.71,74,2,18.77
36,Butaritari,KI,2021-07-05 03:34:48,3.0707,172.7902,81.48,78,77,13.96
37,Seminole,US,2021-07-05 03:34:49,28.7086,-81.2081,79.32,92,1,5.75
38,Barrow,US,2021-07-05 03:34:49,71.2906,-156.7887,51.82,84,1,9.22
39,Port Elizabeth,ZA,2021-07-05 03:34:50,-33.918,25.5701,52.09,66,0,12.66
40,Tuktoyaktuk,CA,2021-07-05 03:34:50,69.4541,-133.0374,55.4,76,40,12.66
41,Amapa,BR,2021-07-05 03:34:50,1.0,-52.0,70.03,99,100,2.08
42,Atuona,PF,2021-07-05 03:33:12,-9.8,-139.0333,78.89,80,57,23.15
43,Dunedin,NZ,2021-07-05 03:30:11,-45.8742,170.5036,57.79,31,100,8.99
44,Cayenne,GF,2021-07-05 03:30:05,4.9333,-52.3333,75.24,91,20,2.3
45,Torbay,CA,2021-07-05 03:34:51,47.6666,-52.7314,49.57,98,90,16.11
46,Ouadda,CF,2021-07-05 03:34:51,8.0777,22.4007,66.51,99,100,3.65
47,Perth,AU,2021-07-05 03:34:51,-31.9333,115.8333,64.04,62,75,17.27
48,Green River,US,2021-07-05 03:32:00,41.5286,-109.4662,81.0,37,76,5.99
49,Ushuaia,AR,2021-07-05 03:34:52,-54.8,-68.3,40.66,81,40,2.3
50,Senneterre,CA,2021-07-05 03:34:52,48.3835,-77.2328,70.02,71,2,6.42
51,Cookeville,US,2021-07-05 03:34:10,36.1628,-85.5016,71.82,97,75,0.0
52,New Norfolk,AU,2021-07-05 03:34:53,-42.7826,147.0587,53.1,45,48,7.87
53,Longyearbyen,SJ,2021-07-05 03:34:53,78.2186,15.6401,39.04,87,75,9.22
54,Karonga,MW,2021-07-05 03:34:53,-9.9333,33.9333,61.7,69,23,4.29
55,Benguela,AO,2021-07-05 03:34:53,-12.5763,13.4055,67.82,86,76,1.66
56,Bambous Virieux,MU,2021-07-05 03:34:54,-20.3428,57.7575,73.22,78,40,11.5
57,Port Hardy,CA,2021-07-05 03:34:54,50.6996,-127.4199,59.18,82,75,9.22
58,Iki-Burul,RU,2021-07-05 03:34:54,45.8208,44.6472,70.14,74,100,9.86
59,Kosh-Agach,RU,2021-07-05 03:34:55,50.0,88.6667,76.12,31,6,2.35
60,Castro,BR,2021-07-05 03:34:55,-24.7911,-50.0119,45.81,96,6,3.38
61,Kahului,US,2021-07-05 03:34:55,20.8947,-156.47,84.22,62,40,19.57
62,Tiksi,RU,2021-07-05 03:34:56,71.6872,128.8694,45.81,79,100,15.26
63,Mamallapuram,IN,2021-07-05 03:34:56,12.6264,80.1722,87.85,58,100,7.54
64,Arraial Do Cabo,BR,2021-07-05 03:34:56,-22.9661,-42.0278,67.95,75,20,5.93
65,Araioses,BR,2021-07-05 03:34:57,-2.89,-41.9031,73.9,91,7,5.08
66,Melfort,CA,2021-07-05 03:34:57,52.8667,-104.6177,68.76,56,23,6.91
67,Sola,VU,2021-07-05 03:34:57,-13.8833,167.55,81.27,78,75,11.5
68,Izhevskoye,RU,2021-07-05 03:34:58,54.5567,40.8703,61.65,80,13,11.5
69,East London,ZA,2021-07-05 03:33:09,-33.0153,27.9116,56.66,60,0,14.58
70,Uray,RU,2021-07-05 03:34:58,60.1247,64.7758,56.89,48,70,15.37
71,Mar Del Plata,AR,2021-07-05 03:34:58,-38.0023,-57.5575,52.12,71,0,1.01
72,Pevek,RU,2021-07-05 03:34:59,69.7008,170.3133,42.08,56,100,3.62
73,Iqaluit,CA,2021-07-05 03:34:59,63.7506,-68.5145,40.73,80,40,11.99
74,Nizhneivkino,RU,2021-07-05 03:34:59,58.194,49.5214,58.93,60,1,6.69
75,Natchitoches,US,2021-07-05 03:35:00,31.7668,-93.1335,79.65,69,1,3.44
76,Mastic Beach,US,2021-07-05 03:35:00,40.7668,-72.8521,70.0,92,80,5.01
77,Naples,IT,2021-07-05 03:33:23,40.8333,14.25,75.15,78,20,1.14
78,Mount Darwin,ZW,2021-07-05 03:34:13,-16.7725,31.5838,45.9,61,0,3.47
79,Manta,EC,2021-07-05 03:35:01,-0.95,-80.7333,71.38,88,40,10.36
80,Cape Town,ZA,2021-07-05 03:30:05,-33.9258,18.4232,50.41,88,75,9.22
81,Havre,FR,2021-07-05 03:35:01,49.5833,0.3333,58.77,94,90,4.61
82,Cayambe,EC,2021-07-05 03:35:01,0.05,-78.1333,43.86,82,31,8.75
83,Hithadhoo,MV,2021-07-05 03:35:02,-0.6,73.0833,83.37,68,96,10.36
84,Camacha,PT,2021-07-05 03:35:02,33.0833,-16.3333,69.53,88,20,9.22
85,Zhanaozen,KZ,2021-07-05 03:35:02,43.3,52.8,95.49,21,2,14.29
86,Nikolskoye,RU,2021-07-05 03:35:11,59.7035,30.7861,66.79,58,0,3.67
87,Bethel,US,2021-07-05 03:35:11,41.3712,-73.414,67.05,89,1,0.0
88,Juneau,US,2021-07-05 03:30:16,58.3019,-134.4197,66.85,74,20,10.36
89,Georgetown,MY,2021-07-05 03:35:11,5.4112,100.3354,85.89,78,20,7.0
90,Lyskovo,RU,2021-07-05 03:35:12,56.0328,45.0422,61.39,70,13,9.15
91,Santa Barbara,US,2021-07-05 03:35:12,34.7333,-120.0343,60.3,79,1,6.91
92,Cherrapunji,IN,2021-07-05 03:35:12,25.3,91.7,66.45,73,60,4.45
93,Aykhal,RU,2021-07-05 03:35:13,66.0,111.5,64.85,52,100,6.4
94,Kodiak,US,2021-07-05 03:33:16,57.79,-152.4072,53.11,82,90,6.91
95,Chilca,PE,2021-07-05 03:35:13,-12.5211,-76.7372,62.76,85,32,8.37
96,Tahe,CN,2021-07-05 03:35:13,52.3333,124.7333,75.65,71,78,1.79
97,Tazovskiy,RU,2021-07-05 03:35:14,67.4667,78.7,46.04,60,6,9.01
98,Camocim,BR,2021-07-05 03:35:14,-2.9022,-40.8411,73.8,88,4,8.9
99,Acarau,BR,2021-07-05 03:35:15,-2.8856,-40.12,75.47,86,15,11.41
100,Lavrentiya,RU,2021-07-05 03:35:15,65.5833,-171.0,43.65,98,100,4.18
101,Lata,PT,2021-07-05 03:35:15,40.1629,-8.3327,65.91,90,81,0.72
102,Neuquen,AR,2021-07-05 03:35:15,-38.9516,-68.0591,51.57,43,0,2.55
103,Great Falls,US,2021-07-05 03:31:01,47.5002,-111.3008,86.45,22,1,8.01
104,Severo-Kurilsk,RU,2021-07-05 03:35:16,50.6789,156.125,53.92,62,99,12.39
105,Hobart,AU,2021-07-05 03:35:16,-42.8794,147.3294,53.46,56,20,5.01
106,Shimoda,JP,2021-07-05 03:35:16,34.6667,138.95,79.16,90,100,17.65
107,Sayan,PE,2021-07-05 03:35:17,-11.1361,-77.1933,64.96,63,0,1.61
108,Grindavik,IS,2021-07-05 03:35:17,63.8424,-22.4338,49.95,93,90,4.61
109,Hilo,US,2021-07-05 03:35:17,19.7297,-155.09,78.53,76,90,10.36
110,Chapais,CA,2021-07-05 03:35:18,49.7834,-74.8492,62.38,65,3,6.71
111,Bluff,NZ,2021-07-05 03:35:18,-46.6,168.3333,54.48,65,82,20.96
112,Goderich,CA,2021-07-05 03:35:18,43.7501,-81.7165,73.72,73,97,8.05
113,Ostrovnoy,RU,2021-07-05 03:35:19,68.0531,39.5131,49.91,72,48,2.21
114,Kruisfontein,ZA,2021-07-05 03:35:19,-34.0033,24.7314,46.89,72,0,9.01
115,Vanimo,PG,2021-07-05 03:35:19,-2.6741,141.3028,85.91,68,87,8.57
116,Fairbanks,US,2021-07-05 03:35:19,64.8378,-147.7164,73.36,40,20,5.75
117,Sarh,TD,2021-07-05 03:35:20,9.1429,18.3923,73.31,94,0,0.0
118,Denpasar,ID,2021-07-05 03:30:27,-8.65,115.2167,83.86,61,40,17.27
119,Ribeira Grande,PT,2021-07-05 03:35:20,38.5167,-28.7,69.53,95,64,14.52
120,Sesheke,ZM,2021-07-05 03:35:20,-17.4759,24.2968,46.62,26,0,3.06
121,Havoysund,NO,2021-07-05 03:35:21,70.9963,24.6622,65.28,70,100,9.19
122,Jamestown,US,2021-07-05 03:35:21,42.097,-79.2353,65.3,83,1,1.01
123,Eureka,US,2021-07-05 03:35:21,40.8021,-124.1637,57.36,77,23,1.99
124,Kaitangata,NZ,2021-07-05 03:35:22,-46.2817,169.8464,52.93,58,100,7.92
125,Daan,CN,2021-07-05 03:35:22,33.0558,106.2958,80.89,72,100,1.86
126,Pangai,TO,2021-07-05 03:35:22,-19.8,-174.35,73.51,53,20,14.97
127,Bafq,IR,2021-07-05 03:35:23,31.6128,55.4107,94.75,12,51,3.13
128,Mackenzie,CA,2021-07-05 03:35:23,55.2999,-123.1698,71.82,35,1,4.03
129,Mezen,RU,2021-07-05 03:35:23,65.8522,44.24,56.12,60,5,5.39
130,Pimenta Bueno,BR,2021-07-05 03:35:23,-11.6725,-61.1936,67.73,63,0,2.8
131,Tarko-Sale,RU,2021-07-05 03:35:24,64.9225,77.785,54.07,50,100,16.33
132,Linxia,CN,2021-07-05 03:35:24,35.6003,103.2064,75.09,39,97,3.36
133,Ahipara,NZ,2021-07-05 03:35:24,-35.1667,173.1667,58.21,64,95,9.64
134,Katsuura,JP,2021-07-05 03:35:25,35.1333,140.3,76.19,94,100,9.98
135,Saint-Augustin,CA,2021-07-05 03:35:25,51.226,-58.6502,50.49,77,100,11.88
136,Goure,NE,2021-07-05 03:35:25,13.9835,10.2704,84.87,44,73,11.07
137,Yueyang,CN,2021-07-05 03:35:25,29.3333,113.0919,90.37,70,21,10.87
138,Lima,PE,2021-07-05 03:35:26,-12.0432,-77.0282,61.05,77,90,8.05
139,Bowen,AU,2021-07-05 03:35:26,-20.0167,148.2333,73.62,51,0,12.19
140,Hofn,IS,2021-07-05 03:35:26,64.2539,-15.2082,52.45,89,100,7.9
141,Alofi,NU,2021-07-05 03:35:27,-19.0595,-169.9187,73.29,68,90,13.8
142,Singaraja,ID,2021-07-05 03:35:27,-8.112,115.0882,83.59,61,37,2.8
143,Darhan,MN,2021-07-05 03:35:28,49.4867,105.9228,76.98,48,91,1.52
144,Campbellsville,US,2021-07-05 03:35:28,37.3434,-85.3419,74.66,67,34,3.44
145,Hobyo,SO,2021-07-05 03:35:28,5.3505,48.5268,77.79,75,93,22.86
146,Anadyr,RU,2021-07-05 03:35:29,64.75,177.4833,45.1,93,90,11.01
147,Khani,GE,2021-07-05 03:35:29,41.9563,42.9566,60.37,89,50,1.88
148,Yellowknife,CA,2021-07-05 03:32:14,62.456,-114.3525,61.29,41,20,6.91
149,Qianan,CN,2021-07-05 03:35:29,44.9932,124.0581,74.1,66,85,7.02
150,Vila Franca Do Campo,PT,2021-07-05 03:35:30,37.7167,-25.4333,68.41,92,55,9.44
151,Adrar,MR,2021-07-05 03:35:30,20.5022,-10.0711,85.23,21,0,10.29
152,Seropedica,BR,2021-07-05 03:35:30,-22.7439,-43.7075,65.52,96,86,2.51
153,San Felipe,VE,2021-07-05 03:35:31,10.3399,-68.7425,68.83,95,11,4.07
154,Norman Wells,CA,2021-07-05 03:35:31,65.282,-126.8329,66.24,77,90,9.22
155,Thompson,CA,2021-07-05 03:35:31,55.7435,-97.8558,46.56,93,90,11.5
156,Crotone,IT,2021-07-05 03:35:32,39.0851,17.1178,76.23,49,13,2.93
157,Zeya,RU,2021-07-05 03:35:32,53.75,127.2667,81.01,58,77,0.63
158,Ancud,CL,2021-07-05 03:35:32,-41.8697,-73.8203,46.22,89,95,6.93
159,Lobito,AO,2021-07-05 03:35:33,-12.3481,13.5456,68.74,83,63,2.55
160,Esmeraldas,BR,2021-07-05 03:34:15,-19.7625,-44.3139,55.71,67,33,4.03
161,Carnarvon,AU,2021-07-05 03:35:33,-24.8667,113.6333,71.67,67,40,12.66
162,Husavik,IS,2021-07-05 03:35:33,66.0449,-17.3389,48.11,92,66,2.35
163,Gagra,GE,2021-07-05 03:35:33,43.3283,40.2239,67.12,89,96,6.69
164,Nemuro,JP,2021-07-05 03:35:34,43.3236,145.575,59.43,96,100,14.43
165,Westport,US,2021-07-05 03:30:57,41.1415,-73.3579,69.98,90,75,3.44
166,Upernavik,GL,2021-07-05 03:35:34,72.7868,-56.1549,32.36,82,100,15.26
167,Gamba,GA,2021-07-05 03:35:34,-2.65,10.0,71.56,87,98,2.71
168,Andenes,NO,2021-07-05 03:35:35,69.3143,16.1194,63.07,93,20,9.22
169,Gohad,IN,2021-07-05 03:35:35,26.4261,78.4447,98.91,32,73,8.48
170,Kabare,CD,2021-07-05 03:35:35,-2.4683,28.8242,61.0,86,94,0.85
171,Marystown,CA,2021-07-05 03:35:36,47.1666,-55.1483,49.57,98,100,17.07
172,Tiznit,MA,2021-07-05 03:35:36,29.5833,-9.5,74.84,47,1,1.52
173,Dingle,PH,2021-07-05 03:35:36,10.9995,122.6711,85.73,71,79,15.05
174,Ponta Do Sol,PT,2021-07-05 03:35:36,32.6667,-17.1,73.0,82,0,3.94
175,Ocho Rios,JM,2021-07-05 03:35:37,18.4025,-77.1048,82.15,85,100,9.4
176,Vila Velha,BR,2021-07-05 03:35:37,-20.3297,-40.2925,64.35,88,0,4.61
177,Aripuana,BR,2021-07-05 03:35:37,-9.1667,-60.6333,70.75,61,8,0.98
178,Margate,GB,2021-07-05 03:35:38,51.3813,1.3862,60.22,87,100,1.01
179,Chunskiy,RU,2021-07-05 03:35:38,56.0815,99.6342,82.85,41,38,5.73
180,Fortuna,US,2021-07-05 03:35:38,40.5982,-124.1573,57.09,74,90,1.01
181,Ouesso,CG,2021-07-05 03:35:39,1.6136,16.0517,71.15,93,98,2.53
182,Garissa,KE,2021-07-05 03:35:39,-0.4536,39.6401,71.29,84,49,12.33
183,San Blas,MX,2021-07-05 03:35:39,21.5167,-105.2667,79.14,86,99,2.71
184,Smithers,CA,2021-07-05 03:35:39,54.7804,-127.1743,71.92,53,75,2.3
185,Ginir,ET,2021-07-05 03:35:40,7.1333,40.7,57.15,76,41,7.23
186,Mao,ES,2021-07-05 03:35:40,39.8885,4.2658,70.36,88,0,5.75
187,Kota Bahru,MY,2021-07-05 03:35:40,6.1333,102.2386,89.89,79,20,5.01
188,Kartal,HU,2021-07-05 03:35:41,47.6713,19.542,70.18,78,96,2.62
189,Abu Dhabi,AE,2021-07-05 03:35:31,24.4667,54.3667,93.31,36,13,11.5
190,Abbeville,FR,2021-07-05 03:35:41,50.1,1.8333,59.49,93,100,5.97
191,Siyabuswa,ZA,2021-07-05 03:35:41,-25.1132,29.0445,51.08,31,12,4.05
192,Yuanping,CN,2021-07-05 03:35:42,38.7153,112.7575,85.17,45,6,6.98
193,Novikovo,RU,2021-07-05 03:35:42,51.1537,37.8879,66.72,88,14,13.98
194,Seoul,KR,2021-07-05 03:34:42,37.5683,126.9778,81.01,63,75,3.44
195,Northam,GB,2021-07-05 03:35:43,51.0333,-4.2167,58.3,94,37,7.47
196,Amazar,RU,2021-07-05 03:35:43,53.858,120.875,83.07,40,30,2.59
197,Tula,RU,2021-07-05 03:34:22,54.2044,37.6111,63.03,82,47,10.6
198,Saskylakh,RU,2021-07-05 03:35:43,71.9167,114.0833,52.47,43,93,20.78
199,Manjakandriana,MG,2021-07-05 03:35:44,-18.9167,47.8,47.89,95,0,2.73
200,Taoudenni,ML,2021-07-05 03:35:44,22.6783,-3.9836,93.29,12,5,3.4
201,Tashtagol,RU,2021-07-05 03:35:44,52.7657,87.8894,83.01,46,28,3.47
202,Meadow Lake,US,2021-07-05 03:35:45,34.8014,-106.5436,83.68,38,83,13.78
203,Chuy,UY,2021-07-05 03:35:45,-33.6971,-53.4616,45.3,72,30,4.18
204,Mattru,SL,2021-07-05 03:35:45,7.6244,-11.8332,73.13,97,99,1.48
205,Tasiilaq,GL,2021-07-05 03:35:46,65.6145,-37.6368,37.56,94,100,6.91
206,Vardo,NO,2021-07-05 03:35:46,70.3705,31.1107,52.0,79,94,7.61
207,Teguldet,RU,2021-07-05 03:35:46,57.3064,88.1667,80.87,51,47,0.27
208,Haines Junction,CA,2021-07-05 03:35:46,60.7522,-137.5108,78.75,31,32,6.91
209,Guryevsk,RU,2021-07-05 03:35:47,54.2833,85.9333,80.96,65,36,5.21
210,Nuuk,GL,2021-07-05 03:35:47,64.1835,-51.7216,43.41,93,75,24.16
211,Singleton,AU,2021-07-05 03:35:47,-32.5667,151.1833,63.79,48,7,7.72
212,Kawalu,ID,2021-07-05 03:35:48,-7.3817,108.2082,81.99,64,38,6.15
213,Baculin,PH,2021-07-05 03:35:48,7.4525,126.5842,82.47,85,70,6.62
214,Kirensk,RU,2021-07-05 03:35:48,57.7853,108.1119,83.05,31,7,3.44
215,Sur,OM,2021-07-05 03:35:49,22.5667,59.5289,87.42,61,74,7.34
216,Khatanga,RU,2021-07-05 03:35:49,71.9667,102.5,49.28,53,100,23.6
217,Garowe,SO,2021-07-05 03:35:49,8.4054,48.4845,75.85,62,99,25.17
218,Santiago Del Estero,AR,2021-07-05 03:31:31,-27.7951,-64.2615,57.61,66,28,5.93
219,Avarua,CK,2021-07-05 03:35:50,-21.2078,-159.775,73.45,94,75,8.05
220,Akyab,MM,2021-07-05 03:35:50,20.15,92.9,84.7,74,75,8.84
221,Codrington,AU,2021-07-05 03:35:50,-38.2667,141.9667,53.22,71,96,9.51
222,Atlantic City,US,2021-07-05 03:35:51,39.3643,-74.4229,70.03,87,75,3.44
223,Pinega,RU,2021-07-05 03:35:51,64.7001,43.3936,62.2,46,20,2.33
224,Seabra,BR,2021-07-05 03:35:51,-12.4186,-41.7703,62.33,97,97,1.74
225,Neiafu,TO,2021-07-05 03:35:52,-18.65,-173.9833,72.28,64,75,8.05
226,San Juan De Los Morros,VE,2021-07-05 03:35:52,9.9115,-67.3538,67.59,95,1,0.6
227,Zapolyarnyy,RU,2021-07-05 03:35:52,69.4154,30.8136,54.68,45,78,3.98
228,Tromso,NO,2021-07-05 03:35:53,69.6496,18.957,61.45,57,91,4.07
229,Biskamzha,RU,2021-07-05 03:35:53,53.4497,89.5272,83.14,40,24,2.19
230,Vestmannaeyjar,IS,2021-07-05 03:35:53,63.4427,-20.2734,51.82,94,97,9.1
231,Xining,CN,2021-07-05 03:35:53,36.6167,101.7667,71.98,42,59,5.03
232,Dikson,RU,2021-07-05 03:35:54,73.5069,80.5464,33.76,90,98,19.69
233,Basco,PH,2021-07-05 03:35:54,20.4487,121.9702,83.21,79,48,21.09
234,Kalemie,CD,2021-07-05 03:35:54,-5.9475,29.1947,66.47,66,3,3.42
235,Aleksandrovsk,RU,2021-07-05 03:35:55,59.158,57.5624,59.79,53,2,9.26
236,Udachnyy,RU,2021-07-05 03:35:55,66.4167,112.4,65.01,54,98,8.88
237,Naze,JP,2021-07-05 03:35:55,28.3667,129.4833,83.32,77,17,7.61
238,Inuvik,CA,2021-07-05 03:35:56,68.3499,-133.7218,66.96,78,40,9.22
239,Lesnikovo,RU,2021-07-05 03:35:56,55.2822,65.3175,58.8,77,100,11.18
240,Coromandel,BR,2021-07-05 03:35:56,-18.4733,-47.2003,53.62,57,1,5.19
241,Coquimbo,CL,2021-07-05 03:35:56,-29.9533,-71.3436,53.33,82,90,4.61
242,Puerto Colombia,CO,2021-07-05 03:35:57,10.9878,-74.9547,80.69,78,30,8.3
243,Radeberg,DE,2021-07-05 03:35:57,51.1167,13.9167,66.87,81,0,6.91
244,Meulaboh,ID,2021-07-05 03:35:57,4.1363,96.1285,81.46,75,97,2.08
245,Trinidad,BO,2021-07-05 03:35:58,-14.8333,-64.9,64.33,66,0,1.81
246,Geraldton,AU,2021-07-05 03:35:58,-28.7667,114.6,66.61,68,40,18.41
247,Sitka,US,2021-07-05 03:35:58,57.0531,-135.33,57.09,72,90,12.66
248,Cabo San Lucas,MX,2021-07-05 03:33:23,22.8909,-109.9124,85.51,65,67,3.0
249,Mogzon,RU,2021-07-05 03:35:59,51.7435,111.9606,74.03,51,63,4.52
250,Parabel,RU,2021-07-05 03:35:59,58.6978,81.4825,80.17,80,98,9.15
251,Mount Vernon,US,2021-07-05 03:35:59,40.9126,-73.8371,71.22,85,40,4.61
252,Agadez,NE,2021-07-05 03:36:00,19.75,10.25,88.72,15,0,8.48
253,Morehead,US,2021-07-05 03:36:00,37.2711,-87.1764,73.11,94,1,0.0
254,Esperance,AU,2021-07-05 03:36:00,-33.8667,121.9,64.24,53,4,23.55
255,Kargopol,RU,2021-07-05 03:36:00,61.5071,38.9456,62.28,50,2,1.41
256,Karpinsk,RU,2021-07-05 03:36:01,59.7654,60.0085,56.28,52,2,11.05
257,Tessalit,ML,2021-07-05 03:36:01,20.1986,1.0114,87.75,22,24,0.43
258,Nishihara,JP,2021-07-05 03:36:01,26.1842,127.7558,87.46,77,75,19.57
259,Mmabatho,ZA,2021-07-05 03:36:02,-25.85,25.6333,40.96,56,0,6.91
260,Road Town,VG,2021-07-05 03:36:02,18.4167,-64.6167,81.19,72,48,17.47
261,Nyakahanga,TZ,2021-07-05 03:36:02,-1.6033,31.1414,57.11,59,27,3.4
262,Durant,US,2021-07-05 03:36:03,33.994,-96.3708,75.56,69,1,3.44
263,Victoria,HK,2021-07-05 03:31:36,22.2855,114.1577,90.97,84,69,1.99
264,Worthington,US,2021-07-05 03:32:51,40.0931,-83.018,76.21,76,40,0.0
265,Pangody,RU,2021-07-05 03:36:03,65.85,74.4859,51.69,48,2,14.83
266,Moerai,PF,2021-07-05 03:36:03,-22.4333,-151.3333,76.17,85,0,9.33
267,Marawi,PH,2021-07-05 03:36:04,7.9986,124.2928,82.65,67,37,4.38
268,Mansa,IN,2021-07-05 03:36:04,29.9833,75.3833,101.12,29,1,0.51
269,Eyl,SO,2021-07-05 03:36:04,7.9803,49.8164,80.42,59,98,24.58
270,Oksfjord,NO,2021-07-05 03:36:05,70.2396,22.3479,65.32,50,97,6.67
271,Pemangkat,ID,2021-07-05 03:36:05,1.1667,108.9667,86.41,63,51,8.88
272,Talnakh,RU,2021-07-05 03:36:05,69.4865,88.3972,52.79,45,54,8.37
273,Loukhi,RU,2021-07-05 03:36:06,66.0764,33.0381,63.46,62,7,5.12
274,Gravdal,NO,2021-07-05 03:36:06,68.1214,13.5031,57.74,75,60,4.9
275,Caravelas,BR,2021-07-05 03:36:06,-17.7125,-39.2481,71.24,74,19,9.73
276,Itarema,BR,2021-07-05 03:36:06,-2.9248,-39.9167,75.51,86,22,10.89
277,Mirador,BR,2021-07-05 03:36:07,-6.3708,-44.3631,70.72,73,13,3.42
278,San Quintin,MX,2021-07-05 03:36:07,30.4833,-115.95,66.0,85,100,11.72
279,Bengkulu,ID,2021-07-05 03:34:34,-3.8004,102.2655,82.44,68,93,4.61
280,Weligama,LK,2021-07-05 03:36:08,5.9667,80.4167,83.61,75,84,12.21
281,Alta Floresta,BR,2021-07-05 03:36:08,-9.8756,-56.0861,67.84,52,2,4.25
282,Qandala,SO,2021-07-05 03:36:08,11.472,49.8728,88.84,50,92,7.67
283,Paita,PE,2021-07-05 03:36:08,-5.0892,-81.1144,65.28,84,0,12.28
284,Lompoc,US,2021-07-05 03:35:32,34.6391,-120.4579,67.08,78,90,10.36
285,Pimentel,PE,2021-07-05 03:36:09,-6.8367,-79.9342,63.88,86,0,12.84
286,Boguchany,RU,2021-07-05 03:36:09,58.3814,97.4531,82.4,34,9,4.59
287,Sibu,MY,2021-07-05 03:36:09,2.3,111.8167,86.31,66,20,4.61
288,Constitucion,CL,2021-07-05 03:36:10,-35.3333,-72.4167,50.36,77,0,3.6
289,Emmett,US,2021-07-05 03:33:10,43.8735,-116.4993,92.57,30,98,10.0
290,Krasnyy Chikoy,RU,2021-07-05 03:36:10,50.3643,108.7512,79.97,40,7,1.99
291,Tabora,TZ,2021-07-05 03:36:10,-5.0167,32.8,55.49,61,26,4.61
292,Victor Harbor,AU,2021-07-05 03:36:11,-35.5667,138.6167,57.72,58,100,2.62
293,Makat,KZ,2021-07-05 03:36:11,47.6469,53.3463,92.84,25,10,12.48
294,Celestun,MX,2021-07-05 03:36:11,20.8667,-90.4,81.21,81,58,9.08
295,Airai,TL,2021-07-05 03:36:12,-8.9266,125.4092,69.89,57,65,3.67
296,Prokopyevsk,RU,2021-07-05 03:36:12,53.9059,86.719,77.74,73,18,4.59
297,Oriximina,BR,2021-07-05 03:36:12,-1.7656,-55.8661,72.1,96,68,2.3
298,Lubango,AO,2021-07-05 03:36:12,-14.9172,13.4925,52.11,35,0,4.12
299,Nome,US,2021-07-05 03:33:16,64.5011,-165.4064,51.87,82,90,10.36
300,Hambantota,LK,2021-07-05 03:36:13,6.1241,81.1185,86.34,74,20,5.75
301,Isangel,VU,2021-07-05 03:36:13,-19.55,169.2667,78.91,65,75,11.5
302,Klaksvik,FO,2021-07-05 03:36:13,62.2266,-6.589,52.72,97,95,9.15
303,Narsaq,GL,2021-07-05 03:36:14,60.9167,-46.05,53.82,73,100,1.97
304,Belmonte,BR,2021-07-05 03:36:14,-15.8631,-38.8828,68.5,84,28,9.91
305,Druzhba,UA,2021-07-05 03:36:14,52.0428,33.9453,65.07,84,24,10.96
306,Kirakira,SB,2021-07-05 03:36:15,-10.4544,161.9205,81.32,82,38,10.67
307,Boa Vista,BR,2021-07-05 03:36:15,2.8197,-60.6733,75.18,88,75,6.91
308,Naberera,TZ,2021-07-05 03:36:15,-4.2,36.9333,56.95,79,98,8.88
309,Chokurdakh,RU,2021-07-05 03:36:15,70.6333,147.9167,91.51,24,70,16.15
310,Komsomolskiy,UZ,2021-07-05 03:36:16,40.4272,71.7189,86.72,28,0,6.91
311,Honiara,SB,2021-07-05 03:36:16,-9.4333,159.95,85.28,71,21,7.29
312,Tsabong,BW,2021-07-05 03:36:16,-26.0217,22.401,45.45,45,0,9.22
313,Los Llanos De Aridane,ES,2021-07-05 03:36:17,28.6585,-17.9182,69.12,73,0,12.66
314,Visnes,NO,2021-07-05 03:36:17,59.3556,5.2242,64.58,94,20,3.44
315,Yatou,CN,2021-07-05 03:36:17,37.15,122.3833,80.38,69,75,12.75
316,Sisimiut,GL,2021-07-05 03:36:18,66.9395,-53.6735,38.23,97,100,8.05
317,Gazli,UZ,2021-07-05 03:36:18,40.1333,63.45,98.15,16,2,8.61
318,Hvizd,UA,2021-07-05 03:36:18,48.6852,24.5506,59.29,91,100,2.98
319,Clyde River,CA,2021-07-05 03:36:18,70.4692,-68.5914,32.23,100,90,8.05
320,Bilma,NE,2021-07-05 03:36:19,18.6853,12.9164,89.35,16,56,7.11
321,Kavieng,PG,2021-07-05 03:36:19,-2.5744,150.7967,85.37,67,40,7.23
322,Samarkand,UZ,2021-07-05 03:36:19,39.6542,66.9597,87.22,27,5,11.5
323,Port Pirie,AU,2021-07-05 03:36:20,-33.1833,138.0167,59.09,59,100,6.17
324,Awbari,LY,2021-07-05 03:36:20,26.5921,12.7805,88.14,13,24,1.77
325,Imbituba,BR,2021-07-05 03:36:20,-28.24,-48.6703,58.89,91,100,6.67
326,Samarai,PG,2021-07-05 03:36:21,-10.6167,150.6667,81.66,82,28,11.97
327,Thinadhoo,MV,2021-07-05 03:36:21,0.5333,72.9333,83.59,72,84,12.66
328,Tha Bo,TH,2021-07-05 03:36:21,17.85,102.5814,95.0,70,75,4.61
329,Sorland,NO,2021-07-05 03:36:21,67.667,12.6934,56.55,79,20,7.29
330,Grand Gaube,MU,2021-07-05 03:36:22,-20.0064,57.6608,73.38,69,3,5.99
331,Taybad,IR,2021-07-05 03:36:22,34.74,60.7756,91.85,19,0,7.85
332,Hohhot,CN,2021-07-05 03:36:22,40.8106,111.6522,75.49,60,40,2.24
333,Touros,BR,2021-07-05 03:36:23,-5.1989,-35.4608,72.5,84,29,9.64
334,Tiarei,PF,2021-07-05 03:36:23,-17.5333,-149.3333,82.0,76,24,16.67
335,Inhambane,MZ,2021-07-05 03:36:23,-23.865,35.3833,64.08,94,3,5.77
336,Valdosta,US,2021-07-05 03:36:23,30.8327,-83.2785,77.41,95,75,3.44
337,Avera,US,2021-07-05 03:36:24,33.194,-82.5271,73.71,46,0,2.71
338,Sao Filipe,CV,2021-07-05 03:36:24,14.8961,-24.4956,73.74,79,1,9.69
339,Hami,CN,2021-07-05 03:36:24,42.8,93.45,92.35,14,2,9.31
340,Moses Lake,US,2021-07-05 03:36:25,47.1301,-119.2781,93.56,18,1,9.22
341,Souillac,MU,2021-07-05 03:36:25,-20.5167,57.5167,73.36,78,40,11.5
342,Ustka,PL,2021-07-05 03:36:25,54.5805,16.8619,63.77,87,29,4.21
343,Te Anau,NZ,2021-07-05 03:36:25,-45.4167,167.7167,50.47,81,100,11.07
344,Mountain Home,US,2021-07-05 03:36:26,43.133,-115.6912,83.68,26,1,11.5
345,West Lafayette,US,2021-07-05 03:36:26,40.4259,-86.9081,76.28,75,1,3.44
346,Bonavista,CA,2021-07-05 03:36:26,48.6499,-53.1147,49.12,94,100,17.22
347,Vanavara,RU,2021-07-05 03:36:27,60.34,102.2797,79.27,36,73,4.25
348,Caramanta,CO,2021-07-05 03:36:27,5.5478,-75.6437,53.74,93,20,0.63
349,Coffs Harbour,AU,2021-07-05 03:35:31,-30.3,153.1333,62.87,61,48,14.97
350,Saharanpur,IN,2021-07-05 03:36:28,29.9667,77.55,98.1,32,6,5.1
351,Axim,GH,2021-07-05 03:36:28,4.8699,-2.2405,76.03,88,100,6.71
352,Seddon,AU,2021-07-05 03:36:28,-37.8068,144.8916,56.34,83,90,4.0
353,Wadi Maliz,TN,2021-07-05 03:36:28,36.4681,8.5495,72.05,45,20,4.12
354,Beroroha,MG,2021-07-05 03:36:29,-21.6667,45.1667,57.34,72,0,2.3
355,Ayan,RU,2021-07-05 03:36:29,56.45,138.1667,58.73,88,96,4.63
356,Les Cayes,HT,2021-07-05 03:36:29,18.2,-73.75,79.23,88,100,11.56
357,Hay River,CA,2021-07-05 03:36:30,60.8156,-115.7999,55.38,71,20,6.91
358,La Ronge,CA,2021-07-05 03:36:30,55.1001,-105.2842,59.25,94,75,4.61
359,Erdenet,MN,2021-07-05 03:36:30,49.0333,104.0833,69.21,56,80,2.93
360,Lithgow,AU,2021-07-05 03:36:30,-33.4833,150.15,49.86,43,3,8.84
361,Sandwick,GB,2021-07-05 03:36:31,60.0,-1.25,55.22,100,90,12.66
362,Batagay-Alyta,RU,2021-07-05 03:36:31,67.8006,130.4114,77.88,33,97,5.73
363,Severo-Yeniseyskiy,RU,2021-07-05 03:36:31,60.3725,93.0408,68.67,68,83,5.7
364,Rawson,AR,2021-07-05 03:36:32,-43.3002,-65.1023,49.78,75,22,9.48
365,Faanui,PF,2021-07-05 03:36:32,-16.4833,-151.75,80.29,78,15,16.17
366,Cockburn Town,TC,2021-07-05 03:36:32,21.4612,-71.1419,81.27,83,76,21.94
367,Cherskiy,RU,2021-07-05 03:36:33,68.75,161.3,77.72,21,11,1.54
368,Olafsvik,IS,2021-07-05 03:36:33,64.8945,-23.7142,47.52,92,96,10.0
369,Mahebourg,MU,2021-07-05 03:36:33,-20.4081,57.7,73.26,78,40,11.5
370,Lebu,CL,2021-07-05 03:36:34,-37.6167,-73.65,47.5,88,3,4.41
371,Sibolga,ID,2021-07-05 03:36:34,1.7427,98.7792,80.98,79,97,3.98
372,Alenquer,BR,2021-07-05 03:36:34,-1.9417,-54.7383,73.74,95,100,2.26
373,Lusambo,CD,2021-07-05 03:36:34,-4.9667,23.45,64.54,44,40,2.42
374,Bokoro,TD,2021-07-05 03:36:35,12.3807,17.0568,83.32,55,78,7.16
375,Kailua,US,2021-07-05 03:36:35,21.4022,-157.7394,82.38,70,40,13.8
376,Korla,CN,2021-07-05 03:36:35,41.7597,86.1469,95.29,11,89,8.28
377,Bataipora,BR,2021-07-05 03:36:36,-22.2953,-53.2711,57.97,77,6,5.5
378,Laguna,US,2021-07-05 03:32:01,38.421,-121.4238,89.44,49,1,5.01
379,Thai Binh,VN,2021-07-05 03:34:27,20.45,106.3333,89.6,53,100,14.03
380,Vega De Alatorre,MX,2021-07-05 03:36:36,20.0333,-96.6333,80.22,89,91,8.03
381,Bangassou,CF,2021-07-05 03:36:37,4.7413,22.8184,67.39,99,100,3.85
382,Pimenteiras,BR,2021-07-05 03:36:37,-6.2453,-41.4192,67.15,70,5,3.87
383,Nioro,GM,2021-07-05 03:36:37,13.35,-15.75,77.09,81,56,6.76
384,Dawson Creek,CA,2021-07-05 03:36:38,55.7666,-120.2362,69.15,49,1,9.22
385,Ngunguru,NZ,2021-07-05 03:36:38,-35.6167,174.5,59.16,65,59,9.91
386,Shache,CN,2021-07-05 03:36:38,38.4167,77.2406,90.79,17,99,5.17
387,Pandan,PH,2021-07-05 03:36:38,14.0453,124.1694,84.4,77,100,4.29
388,Agvali,RU,2021-07-05 03:36:39,42.5385,46.1197,74.82,67,11,3.83
389,Opuwo,NA,2021-07-05 03:36:39,-18.0607,13.84,56.84,22,0,6.38
390,Srednekolymsk,RU,2021-07-05 03:36:39,67.45,153.6833,87.64,21,89,6.44
391,Slave Lake,CA,2021-07-05 03:36:40,55.2834,-114.769,62.58,63,90,6.91
392,Bolitoc,PH,2021-07-05 03:36:40,15.7395,119.8769,84.74,76,100,16.69
393,Hasaki,JP,2021-07-05 03:36:40,35.7333,140.8333,75.29,95,100,6.13
394,Tuatapere,NZ,2021-07-05 03:36:41,-46.1333,167.6833,55.2,66,100,9.13
395,Victoria Point,AU,2021-07-05 03:36:41,-27.5833,153.3,70.48,49,90,1.99
396,Yar-Sale,RU,2021-07-05 03:36:41,66.8333,70.8333,53.69,46,49,10.04
397,Manokwari,ID,2021-07-05 03:36:41,-0.8667,134.0833,78.84,85,100,6.96
398,Ati,TD,2021-07-05 03:36:42,13.2154,18.3353,84.65,55,64,5.7
399,Huambo,AO,2021-07-05 03:36:42,-12.7761,15.7392,46.89,30,34,0.6
400,Kapit,MY,2021-07-05 03:36:42,2.0167,112.9333,93.06,49,76,1.63
401,Kenai,US,2021-07-05 03:33:19,60.5544,-151.2583,66.02,60,1,9.22
402,Bagdarin,RU,2021-07-05 03:36:43,54.4333,113.6,78.08,43,5,0.45
403,Monforte De Lemos,ES,2021-07-05 03:36:43,42.5216,-7.5142,64.69,93,37,3.74
404,Olenino,RU,2021-07-05 03:36:43,56.2092,33.4889,61.38,75,50,7.45
405,Mantua,IT,2021-07-05 03:36:44,45.1667,10.7833,65.35,89,96,3.0
406,Porto Walter,BR,2021-07-05 03:36:44,-8.2686,-72.7439,72.54,68,93,0.43
407,Atar,MR,2021-07-05 03:36:44,20.5169,-13.0499,86.86,31,0,4.43
408,Areosa,PT,2021-07-05 03:36:45,41.7178,-8.8571,66.33,98,88,10.76
409,Safford,US,2021-07-05 03:36:45,32.834,-109.7076,88.72,45,1,14.97
410,Maniitsoq,GL,2021-07-05 03:36:45,65.4167,-52.9,40.01,97,100,9.6
411,Kavaratti,IN,2021-07-05 03:36:45,10.5669,72.642,82.51,78,100,18.19
412,Karratha,AU,2021-07-05 03:36:46,-20.7377,116.8463,77.25,28,32,8.08
413,Tommot,RU,2021-07-05 03:36:46,58.9564,126.2925,76.84,51,32,3.62
414,Tilichiki,RU,2021-07-05 03:36:46,60.4667,166.1,57.83,58,81,8.14
415,Salalah,OM,2021-07-05 03:35:51,17.0151,54.0924,80.69,89,90,8.05
416,Tabuk,PH,2021-07-05 03:36:47,17.4189,121.4443,90.09,57,100,4.59
417,Palmer,US,2021-07-05 03:36:47,42.1584,-72.3287,63.01,85,20,0.0
418,Pakala,IN,2021-07-05 03:36:47,13.4667,79.1167,82.81,62,100,8.03
419,Palana,RU,2021-07-05 03:36:48,59.1167,159.9667,51.67,70,28,15.41
420,Mopti,ML,2021-07-05 03:36:48,14.6667,-4.0,77.04,83,40,11.5
421,Kununurra,AU,2021-07-05 03:36:48,-15.7667,128.7333,75.18,22,28,10.36
422,Shu,KZ,2021-07-05 03:36:49,43.5983,73.7614,93.24,21,7,5.12
423,Kalat,PK,2021-07-05 03:36:49,29.0225,66.5916,78.55,28,74,8.88
424,Sangar,RU,2021-07-05 03:36:49,63.9242,127.4739,75.99,51,49,8.99
425,Muros,ES,2021-07-05 03:36:49,42.7762,-9.0603,66.24,93,92,9.78
426,Cozumel,MX,2021-07-05 03:36:50,20.5083,-86.9458,84.18,84,6,4.0
427,Dudinka,RU,2021-07-05 03:36:50,69.4058,86.1778,53.92,44,32,10.42
428,Vao,NC,2021-07-05 03:36:50,-22.6667,167.4833,71.87,68,100,19.13
429,Yerbogachen,RU,2021-07-05 03:36:51,61.2767,108.0108,72.77,43,95,4.23
430,Taft,IR,2021-07-05 03:33:56,31.7471,54.2088,89.55,13,40,4.61
431,Saint Anthony,US,2021-07-05 03:36:51,45.0205,-93.218,87.58,62,1,5.01
432,Lashio,MM,2021-07-05 03:36:51,22.9333,97.75,77.27,87,100,0.92
433,Umm Kaddadah,SD,2021-07-05 03:36:52,13.6017,26.6876,83.14,50,86,10.49
434,Langfang,CN,2021-07-05 03:36:52,39.5097,116.6947,88.05,41,100,6.06
435,Yaan,NG,2021-07-05 03:36:52,7.3833,8.5667,70.63,98,100,4.29
436,Labuhan,ID,2021-07-05 03:36:52,-6.8844,112.2051,85.62,60,58,4.32
437,Okato,NZ,2021-07-05 03:36:53,-39.2,173.8833,50.41,75,40,8.5
438,Maumere,ID,2021-07-05 03:36:53,-8.6199,122.2111,82.35,61,24,10.0
439,Shreveport,US,2021-07-05 03:36:15,32.5251,-93.7502,78.85,73,1,4.61
440,Padang,ID,2021-07-05 03:36:53,-0.9492,100.3543,75.25,92,100,3.36
441,Sobolevo,RU,2021-07-05 03:36:54,54.4299,31.8996,61.2,89,44,8.21
442,Lethem,GY,2021-07-05 03:36:54,3.3803,-59.7968,73.62,90,100,2.19
443,Valleyview,CA,2021-07-05 03:36:54,55.0667,-117.2859,64.44,52,55,5.75
444,Anju,KP,2021-07-05 03:36:55,39.6178,125.6647,73.9,79,100,3.83
445,College,US,2021-07-05 03:36:55,64.8569,-147.8028,73.35,40,20,5.75
446,Taltal,CL,2021-07-05 03:36:55,-25.4,-70.4833,57.43,81,100,3.56
447,Massaguet,TD,2021-07-05 03:36:56,12.4755,15.4365,82.44,46,84,9.8
448,Dovolnoye,RU,2021-07-05 03:36:56,54.4958,79.6671,81.1,63,40,10.36
449,Tsumeb,NA,2021-07-05 03:36:56,-19.2333,17.7167,40.55,22,0,8.39
450,Cuiluan,CN,2021-07-05 03:36:57,47.72,128.648,69.39,71,95,5.82
451,Konevo,RU,2021-07-05 03:36:57,62.1215,39.3192,62.71,49,3,1.43
452,Acurenam,GQ,2021-07-05 03:36:57,1.0322,10.6488,66.94,99,100,0.47
453,Iralaya,HN,2021-07-05 03:36:57,15.0,-83.2333,80.76,83,9,6.42
454,Harper,LR,2021-07-05 03:36:58,4.375,-7.7169,76.1,88,100,6.08
455,Soyo,AO,2021-07-05 03:36:58,-6.1349,12.3689,72.39,86,92,2.26
456,Ahuimanu,US,2021-07-05 03:36:58,21.4447,-157.8378,82.11,69,40,13.8
457,Ituiutaba,BR,2021-07-05 03:35:38,-18.9689,-49.465,60.57,47,0,4.83
458,Mackay,AU,2021-07-05 03:36:59,-21.15,149.2,76.05,60,0,14.97
459,Boralday,KZ,2021-07-05 03:36:59,43.3578,76.8594,84.06,32,5,6.71
460,Mogadishu,SO,2021-07-05 03:36:59,2.0371,45.3438,77.38,81,9,16.49
461,Bay Roberts,CA,2021-07-05 03:37:00,47.5999,-53.2648,50.32,98,100,3.0
462,Tazmalt,DZ,2021-07-05 03:37:00,36.3868,4.3989,76.41,27,0,0.78
463,Berlevag,NO,2021-07-05 03:37:00,70.8578,29.0864,51.8,70,96,7.09
464,Arkhipo-Osipovka,RU,2021-07-05 03:37:01,44.37,38.52,70.54,89,100,14.99
465,Zwedru,LR,2021-07-05 03:37:01,6.0667,-8.1281,69.78,100,100,2.26
466,Marsa Matruh,EG,2021-07-05 03:37:01,31.3525,27.2453,71.8,88,0,5.75
467,Wagar,SD,2021-07-05 03:37:01,16.1525,36.2032,80.8,59,52,18.95
468,Half Moon Bay,US,2021-07-05 03:37:01,37.4636,-122.4286,69.69,83,90,13.8
469,Lodja,CD,2021-07-05 03:37:02,-3.4833,23.4333,66.67,46,60,1.03
470,Chipinge,ZW,2021-07-05 03:37:02,-20.1883,32.6236,49.69,38,0,2.15
471,Buala,SB,2021-07-05 03:37:02,-8.145,159.5921,84.81,70,10,8.37
472,Namatanai,PG,2021-07-05 03:37:03,-3.6667,152.4333,84.04,74,35,9.01
473,Hit,IQ,2021-07-05 03:37:03,33.6416,42.8251,87.12,35,0,14.27
474,Kangaatsiaq,GL,2021-07-05 03:37:03,68.3065,-53.4641,35.78,98,100,7.52
475,Oistins,BB,2021-07-05 03:37:04,13.0667,-59.5333,80.69,78,20,12.66
476,Lasa,IT,2021-07-05 03:37:04,46.6166,10.7002,58.08,90,99,5.01
477,Sol-Iletsk,RU,2021-07-05 03:37:04,51.1631,54.9918,75.2,53,33,10.25
478,Kirkuk,IQ,2021-07-05 03:37:05,35.4681,44.3922,87.69,27,0,5.64
479,Sokoni,TZ,2021-07-05 03:37:05,-6.4333,39.55,75.06,74,4,12.8
480,Timizart,DZ,2021-07-05 03:37:05,36.8,4.2667,72.84,30,0,4.16
481,Broken Hill,AU,2021-07-05 03:37:05,-31.95,141.4333,53.31,47,100,4.61
482,Vinh,VN,2021-07-05 03:32:32,18.6667,105.6667,92.01,59,100,6.6
483,Wrzesnia,PL,2021-07-05 03:37:06,52.3251,17.5652,63.55,82,3,0.49
484,Pangnirtung,CA,2021-07-05 03:37:06,66.1451,-65.7125,36.63,89,43,4.32
485,Gornopravdinsk,RU,2021-07-05 03:37:06,60.05,69.9,47.86,95,100,13.27
486,Terenos,BR,2021-07-05 03:37:07,-20.4422,-54.8603,69.51,45,0,11.5
487,Charagua,BO,2021-07-05 03:37:07,-19.8,-63.2167,54.21,64,2,3.06
488,Alice Springs,AU,2021-07-05 03:35:18,-23.7,133.8833,54.95,38,84,8.05
489,Zhigansk,RU,2021-07-05 03:37:07,66.7697,123.3711,74.8,38,23,12.33
490,Yayva,RU,2021-07-05 03:37:08,59.3303,57.2641,60.17,49,5,7.05
491,Jumla,NP,2021-07-05 03:37:08,29.2747,82.1838,72.41,58,9,4.81
492,Ilulissat,GL,2021-07-05 03:37:08,69.2167,-51.1,37.42,93,90,11.5
493,Sakaiminato,JP,2021-07-05 03:37:09,35.55,133.2333,76.98,94,75,8.05
494,Taitung,TW,2021-07-05 03:37:09,22.7583,121.1444,93.47,55,40,10.36
495,Aguimes,ES,2021-07-05 03:37:09,27.9054,-15.4461,66.83,73,20,27.63
496,Ciudad Bolivar,VE,2021-07-05 03:37:10,8.1222,-63.5497,78.3,74,29,2.53
497,Turukhansk,RU,2021-07-05 03:37:10,65.8167,87.9833,60.03,44,100,11.41
498,Statesville,US,2021-07-05 03:33:32,35.7826,-80.8873,74.59,52,40,0.0
499,Drumheller,CA,2021-07-05 03:37:10,51.4617,-112.7101,67.33,68,95,13.8
500,Bang Saphan,TH,2021-07-05 03:37:11,11.2126,99.5117,89.55,50,72,8.05
501,Kutoarjo,ID,2021-07-05 03:37:11,-7.7169,109.9128,86.88,58,37,10.76
502,Antofagasta,CL,2021-07-05 03:33:26,-23.65,-70.4,54.68,78,25,3.56
503,Synya,RU,2021-07-05 03:37:11,65.3718,58.0387,54.46,50,89,4.43
504,Acapulco,MX,2021-07-05 03:37:12,16.8634,-99.8901,79.88,86,27,2.93
505,Saint George,US,2021-07-05 03:37:12,37.1041,-113.5841,97.39,19,1,1.01
506,Solnechnyy,RU,2021-07-05 03:37:13,50.7214,136.6319,82.04,50,100,6.8
507,Hokitika,NZ,2021-07-05 03:37:13,-42.7167,170.9667,48.92,78,100,4.81
508,Jalapa,MX,2021-07-05 03:37:13,19.5333,-96.9167,62.1,92,99,4.79
509,Kalmunai,LK,2021-07-05 03:37:13,7.4167,81.8167,85.84,67,69,5.61
510,Yumen,CN,2021-07-05 03:37:14,40.2833,97.2,81.7,18,83,14.29
511,Bemidji,US,2021-07-05 03:37:14,47.4736,-94.8803,79.09,78,1,6.91
512,Makushino,RU,2021-07-05 03:37:14,55.2103,67.2442,67.44,74,40,11.52
513,Atikokan,CA,2021-07-05 03:37:15,48.7555,-91.6216,68.18,88,13,12.93
514,Nogliki,RU,2021-07-05 03:37:15,51.8333,143.1667,63.34,76,14,12.41
515,Ust-Kuyga,RU,2021-07-05 03:37:15,70.0167,135.6,77.99,37,56,14.32
516,Nanortalik,GL,2021-07-05 03:37:15,60.1432,-45.2371,43.74,84,100,10.49
517,Pisco,PE,2021-07-05 03:37:16,-13.7,-76.2167,62.65,82,90,9.22
518,Tukrah,LY,2021-07-05 03:37:16,32.5341,20.5791,77.05,49,0,1.14
519,Port Blair,IN,2021-07-05 03:37:16,11.6667,92.75,85.46,71,68,8.59
520,Araouane,ML,2021-07-05 03:37:17,18.9048,-3.5265,90.95,25,36,7.27
521,Portland,US,2021-07-05 03:36:46,45.5234,-122.6762,80.91,54,1,1.01
522,Makakilo City,US,2021-07-05 03:37:17,21.3469,-158.0858,80.92,65,75,12.66
523,Pombas,CV,2021-07-05 03:37:17,17.1503,-25.0201,74.98,72,9,8.03
524,Katobu,ID,2021-07-05 03:37:18,-4.9408,122.5276,79.83,69,92,0.51
525,Ketchikan,US,2021-07-05 03:37:18,55.3422,-131.6461,65.14,75,1,0.87
526,Charters Towers,AU,2021-07-05 03:37:18,-20.1,146.2667,73.09,29,0,8.21
527,Sindor,RU,2021-07-05 03:37:19,62.8629,51.8905,61.34,40,1,4.36
528,Plettenberg Bay,ZA,2021-07-05 03:37:19,-34.0527,23.3716,50.58,72,3,7.63
529,Faya,SA,2021-07-05 03:37:19,18.3851,42.4509,68.11,34,3,2.91
530,Santa Cruz Del Sur,CU,2021-07-05 03:37:19,20.7147,-77.9956,78.42,87,100,27.69
531,Corinth,GR,2021-07-05 03:37:20,37.9407,22.9573,79.68,74,87,3.33
532,Namibe,AO,2021-07-05 03:37:20,-15.1961,12.1522,65.73,83,5,3.51
533,Churapcha,RU,2021-07-05 03:37:20,62.0025,132.4325,85.03,35,84,10.22
534,Khandbari,NP,2021-07-05 03:37:21,27.3747,87.2039,75.27,89,99,1.25
535,Leningradskiy,RU,2021-07-05 03:37:21,69.3833,178.4167,43.81,71,15,10.22
536,Aktas,KZ,2021-07-05 03:37:21,49.7789,72.9608,78.55,34,100,3.04
537,Suhbaatar,MN,2021-07-05 03:37:22,50.2314,106.2078,79.2,45,14,4.79
538,Richards Bay,ZA,2021-07-05 03:37:22,-28.783,32.0377,63.63,83,98,7.92
539,Ugoofaaru,MV,2021-07-05 03:37:22,5.6667,73.0,82.76,79,100,18.16
540,Aksarka,RU,2021-07-05 03:37:22,66.5606,67.7975,54.68,47,11,5.95
541,Jacksonville Beach,US,2021-07-05 03:37:23,30.2947,-81.3931,76.05,96,40,0.0
542,Vaitape,PF,2021-07-05 03:37:23,-16.5167,-151.75,80.31,78,15,16.22
543,Wukari,NG,2021-07-05 03:37:23,7.85,9.7833,71.73,94,95,6.98
544,Letterkenny,IE,2021-07-05 03:37:24,54.95,-7.7333,54.72,96,100,7.4
545,San Bartolo,MX,2021-07-05 03:37:24,19.1833,-100.05,57.88,93,82,5.64
546,Tateyama,JP,2021-07-05 03:37:24,34.9833,139.8667,79.07,88,75,6.91
547,Belen,TR,2021-07-05 03:37:25,36.4891,36.2233,69.94,78,40,10.36
548,Harrismith,ZA,2021-07-05 03:37:25,-28.2728,29.1295,38.86,95,17,3.42
549,Vestmanna,FO,2021-07-05 03:37:25,62.1564,-7.1664,50.92,100,90,10.36
550,Suriapet,IN,2021-07-05 03:37:25,17.15,79.6167,88.32,55,100,7.9
551,Lagos,NG,2021-07-05 03:35:56,6.5833,3.75,77.32,93,99,3.36
552,Nhulunbuy,AU,2021-07-05 03:37:26,-12.2333,136.7667,81.21,57,40,18.41
553,Fukue,JP,2021-07-05 03:37:26,32.6881,128.8419,82.76,94,75,10.36
554,Rafai,CF,2021-07-05 03:37:26,4.95,23.9167,67.46,99,100,1.77
555,Mirabad,AF,2021-07-05 03:37:27,30.4362,61.8383,98.85,13,0,7.49
556,Sinnamary,GF,2021-07-05 03:37:27,5.3833,-52.95,75.11,90,94,0.58
557,Kanker,IN,2021-07-05 03:37:27,20.2719,81.4931,82.47,63,100,1.21
558,Puerto Escondido,MX,2021-07-05 03:37:28,15.85,-97.0667,83.23,61,75,0.0
559,Kiunga,PG,2021-07-05 03:37:28,-6.1219,141.2906,84.67,70,91,3.27
560,Zhongshu,CN,2021-07-05 03:37:28,24.5167,103.7667,75.24,76,100,5.5
561,Camana,PE,2021-07-05 03:37:28,-16.6228,-72.7111,59.86,83,16,6.04
562,Rio Gallegos,AR,2021-07-05 03:36:52,-51.6226,-69.2181,46.45,61,0,23.02
563,Elk Point,US,2021-07-05 03:37:29,42.6833,-96.6836,79.18,78,60,9.78
564,Butte,US,2021-07-05 03:37:29,39.6499,-121.5677,89.82,31,0,5.48
565,Kusti,SD,2021-07-05 03:37:29,13.1629,32.6635,77.59,71,100,12.19
566,Qasigiannguit,GL,2021-07-05 03:37:30,68.8193,-51.1922,37.65,99,100,4.21
567,Lamu,KE,2021-07-05 03:37:30,-2.2717,40.902,75.42,79,31,14.5
568,Itoman,JP,2021-07-05 03:37:30,26.1247,127.6694,88.18,74,40,19.57
569,Lorengau,PG,2021-07-05 03:37:31,-2.0226,147.2712,85.95,68,83,11.45
570,Vostok,RU,2021-07-05 03:37:31,46.4856,135.8833,58.82,98,100,1.74
571,La Libertad,EC,2021-07-05 03:37:31,-2.2333,-80.9,69.51,84,74,9.69
