City_ID,City,Country,Date,Lat,Lng,Max Temp,Humidity,Cloudiness,Wind Speed,Weather Description
0,Praia Da Vitoria,PT,2021-07-06 17:01:19,38.7333,-27.0667,75.45,88,75,3.6,light intensity drizzle
1,Hasaki,JP,2021-07-06 17:01:20,35.7333,140.8333,73.29,90,100,4.68,light rain
2,Puerto Ayora,EC,2021-07-06 17:01:20,-0.7393,-90.3518,75.54,77,81,10.0,broken clouds
3,Tasiilaq,GL,2021-07-06 17:01:20,65.6145,-37.6368,39.36,88,100,4.63,overcast clouds
4,Ushuaia,AR,2021-07-06 17:00:38,-54.8,-68.3,36.84,77,13,2.73,few clouds
5,Qaanaaq,GL,2021-07-06 17:01:21,77.484,-69.3632,38.43,60,83,6.49,broken clouds
6,Albany,US,2021-07-06 16:59:24,42.6001,-73.9662,88.09,70,97,1.01,overcast clouds
7,Mataura,NZ,2021-07-06 17:01:21,-46.1927,168.8643,39.67,97,100,6.31,light rain
8,Port Alfred,ZA,2021-07-06 17:01:22,-33.5906,26.891,56.44,55,21,1.21,few clouds
9,Butaritari,KI,2021-07-06 17:01:22,3.0707,172.7902,82.38,78,92,17.02,light rain
10,Hermanus,ZA,2021-07-06 17:01:22,-34.4187,19.2345,53.91,75,8,2.39,clear sky
11,Pevek,RU,2021-07-06 17:01:22,69.7008,170.3133,33.66,97,100,9.06,moderate rain
12,Lata,PT,2021-07-06 17:01:23,40.1629,-8.3327,73.35,49,17,12.08,few clouds
13,Barrow,US,2021-07-06 17:01:23,71.2906,-156.7887,39.22,81,90,16.11,light rain
14,Luganville,VU,2021-07-06 17:01:23,-15.5333,167.1667,76.93,79,91,6.53,overcast clouds
15,Stokmarknes,NO,2021-07-06 17:01:24,68.5646,14.9108,76.37,58,0,9.22,clear sky
16,Pangkalanbuun,ID,2021-07-06 17:01:24,-2.6833,111.6167,73.08,89,66,2.35,broken clouds
17,Craig,US,2021-07-06 17:01:24,40.5153,-107.5464,74.84,39,0,5.7,clear sky
18,Oussouye,SN,2021-07-06 17:01:25,12.485,-16.5469,83.28,70,98,8.25,overcast clouds
19,Rikitea,PF,2021-07-06 17:01:25,-23.1203,-134.9692,75.06,57,43,18.61,scattered clouds
20,Dunedin,NZ,2021-07-06 17:01:25,-45.8742,170.5036,47.8,88,100,18.01,overcast clouds
21,Rawson,AR,2021-07-06 17:01:26,-43.3002,-65.1023,61.16,31,100,10.22,overcast clouds
22,Faya,SA,2021-07-06 17:01:26,18.3851,42.4509,75.72,48,92,4.54,overcast clouds
23,Ribeira Grande,PT,2021-07-06 17:01:26,38.5167,-28.7,75.6,78,40,24.16,scattered clouds
24,Katakwi,UG,2021-07-06 17:01:27,1.8911,33.9661,69.08,73,91,4.76,light rain
25,Talnakh,RU,2021-07-06 17:01:27,69.4865,88.3972,49.69,52,1,6.53,clear sky
26,Bluff,NZ,2021-07-06 17:01:27,-46.6,168.3333,42.94,71,100,18.48,overcast clouds
27,Arraial Do Cabo,BR,2021-07-06 17:01:27,-22.9661,-42.0278,69.67,60,17,7.65,few clouds
28,Mnogovershinnyy,RU,2021-07-06 17:01:28,53.9353,139.9242,63.5,77,100,5.26,overcast clouds
29,Geraldton,AU,2021-07-06 17:01:28,-28.7667,114.6,61.21,82,75,20.71,broken clouds
30,Meadow Lake,US,2021-07-06 17:01:29,34.8014,-106.5436,84.47,48,3,3.47,clear sky
31,Busselton,AU,2021-07-06 17:01:29,-33.65,115.3333,50.04,65,92,25.03,overcast clouds
32,Perth,AU,2021-07-06 16:58:56,-31.9333,115.8333,61.05,86,75,8.05,broken clouds
33,Cape Town,ZA,2021-07-06 16:57:46,-33.9258,18.4232,55.11,83,0,1.01,clear sky
34,Tiksi,RU,2021-07-06 17:01:29,71.6872,128.8694,43.21,68,100,1.9,overcast clouds
35,Comodoro Rivadavia,AR,2021-07-06 17:01:30,-45.8667,-67.5,53.01,61,82,8.77,broken clouds
36,Pimentel,PE,2021-07-06 17:01:30,-6.8367,-79.9342,68.0,74,56,12.95,broken clouds
37,Samarai,PG,2021-07-06 17:01:31,-10.6167,150.6667,79.3,87,21,11.18,few clouds
38,Severo-Kurilsk,RU,2021-07-06 17:01:31,50.6789,156.125,48.45,80,80,8.05,broken clouds
39,Quimper,FR,2021-07-06 16:57:25,48.0,-4.1,65.08,77,75,11.5,broken clouds
40,Kaz,RU,2021-07-06 17:01:31,52.9113,87.3105,64.67,92,89,2.8,light rain
41,Manado,ID,2021-07-06 17:01:32,1.487,124.8455,77.77,88,40,1.14,heavy intensity rain
42,Uray,RU,2021-07-06 17:01:32,60.1247,64.7758,58.5,55,8,5.32,clear sky
43,Itarema,BR,2021-07-06 17:01:32,-2.9248,-39.9167,86.56,58,9,16.58,clear sky
44,Ayan,RU,2021-07-06 17:01:33,56.45,138.1667,59.11,95,100,6.02,light rain
45,Hilo,US,2021-07-06 17:01:33,19.7297,-155.09,77.29,95,87,1.01,moderate rain
46,Iqaluit,CA,2021-07-06 17:01:33,63.7506,-68.5145,47.7,49,84,15.01,broken clouds
47,Tuktoyaktuk,CA,2021-07-06 17:01:34,69.4541,-133.0374,55.69,62,100,16.78,overcast clouds
48,Ilulissat,GL,2021-07-06 17:01:34,69.2167,-51.1,41.02,70,75,8.05,broken clouds
49,Srednekolymsk,RU,2021-07-06 17:01:34,67.45,153.6833,48.2,71,95,10.04,overcast clouds
50,Kamina,CD,2021-07-06 17:01:35,-8.7386,24.9906,66.7,25,17,5.84,few clouds
51,Punta Arenas,CL,2021-07-06 17:00:37,-53.15,-70.9167,37.11,86,21,5.46,few clouds
52,Clyde River,CA,2021-07-06 17:01:35,70.4692,-68.5914,37.92,64,16,1.23,few clouds
53,Itamaraca,BR,2021-07-06 17:01:36,-7.7478,-34.8256,80.65,70,18,10.94,few clouds
54,Guangyuan,CN,2021-07-06 17:01:36,32.442,105.823,73.44,96,100,1.32,overcast clouds
55,Mafinga,TZ,2021-07-06 17:01:36,-7.25,35.0667,71.01,29,8,3.67,clear sky
56,Sindor,RU,2021-07-06 17:01:36,62.8629,51.8905,66.58,49,10,1.48,clear sky
57,Thompson,CA,2021-07-06 17:01:37,55.7435,-97.8558,64.92,28,0,2.62,clear sky
58,Tambacounda,SN,2021-07-06 17:01:37,13.7539,-13.7586,97.03,37,36,3.58,scattered clouds
59,Camopi,GF,2021-07-06 17:01:38,3.1655,-52.3158,80.47,89,37,2.39,scattered clouds
60,Armidale,AU,2021-07-06 17:01:38,-30.5167,151.65,30.79,82,5,2.77,clear sky
61,Carballo,ES,2021-07-06 17:01:38,43.213,-8.691,67.69,80,54,9.62,broken clouds
62,Torbay,CA,2021-07-06 17:01:39,47.6666,-52.7314,69.28,66,67,8.01,broken clouds
63,Yellowknife,CA,2021-07-06 17:00:04,62.456,-114.3525,55.29,100,99,13.0,overcast clouds
64,Buraydah,SA,2021-07-06 17:01:39,26.326,43.975,99.99,6,0,11.25,clear sky
65,Airai,TL,2021-07-06 17:01:39,-8.9266,125.4092,56.64,91,96,3.06,overcast clouds
66,Vestmannaeyjar,IS,2021-07-06 17:01:40,63.4427,-20.2734,53.76,86,100,8.25,overcast clouds
67,Nikolskoye,RU,2021-07-06 17:01:40,59.7035,30.7861,80.49,46,89,4.34,overcast clouds
68,Muli,MV,2021-07-06 17:01:40,2.9167,73.5667,82.81,77,92,13.24,overcast clouds
69,Alofi,NU,2021-07-06 17:01:41,-19.0595,-169.9187,73.29,68,98,20.83,overcast clouds
70,Baiyin,CN,2021-07-06 17:01:41,36.5583,104.2081,72.75,48,93,4.94,overcast clouds
71,Griffith,US,2021-07-06 17:01:41,41.5284,-87.4237,90.03,57,1,4.0,clear sky
72,Labuhan,ID,2021-07-06 17:01:42,-6.8844,112.2051,74.91,76,76,6.31,broken clouds
73,Meulaboh,ID,2021-07-06 17:01:42,4.1363,96.1285,76.08,80,98,4.63,overcast clouds
74,Melfi,IT,2021-07-06 17:01:42,40.9965,15.6514,85.23,30,0,8.28,clear sky
75,Icod De Los Vinos,ES,2021-07-06 17:01:43,28.3724,-16.7119,72.95,66,11,10.71,few clouds
76,Ohara,JP,2021-07-06 17:01:43,35.25,140.3833,77.0,95,100,8.63,light rain
77,College,US,2021-07-06 17:01:43,64.8569,-147.8028,61.09,76,95,2.66,light rain
78,Ardmore,US,2021-07-06 16:57:16,34.1743,-97.1436,85.59,69,90,4.0,overcast clouds
79,Gizo,SB,2021-07-06 17:01:43,-8.103,156.8419,81.99,79,64,9.73,broken clouds
80,Chuy,UY,2021-07-06 17:01:44,-33.6971,-53.4616,63.99,71,7,13.31,clear sky
81,Khatanga,RU,2021-07-06 17:01:44,71.9667,102.5,45.36,59,14,4.83,few clouds
82,Jieshi,CN,2021-07-06 17:01:44,22.8134,115.8257,82.94,84,81,7.25,broken clouds
83,Santa Isabel Do Rio Negro,BR,2021-07-06 17:01:45,-0.4139,-65.0192,72.66,97,100,2.04,overcast clouds
84,Lompoc,US,2021-07-06 17:01:45,34.6391,-120.4579,78.13,88,90,9.22,mist
85,Santa Cruz De La Palma,ES,2021-07-06 17:01:45,28.6835,-17.7642,76.14,73,75,17.27,broken clouds
86,Port Antonio,JM,2021-07-06 17:01:46,18.18,-76.4612,86.92,68,97,13.49,overcast clouds
87,Awjilah,LY,2021-07-06 17:01:46,29.1081,21.2869,99.25,14,0,12.71,clear sky
88,Aklavik,CA,2021-07-06 17:01:46,68.2191,-135.0107,74.3,37,94,12.64,overcast clouds
89,Atuona,PF,2021-07-06 17:01:47,-9.8,-139.0333,78.33,77,6,21.32,clear sky
90,Kumluca,TR,2021-07-06 17:01:47,36.3703,30.2869,82.81,50,26,2.71,scattered clouds
91,Fort Dodge,US,2021-07-06 17:01:47,42.4975,-94.168,86.45,54,75,10.36,broken clouds
92,Mehamn,NO,2021-07-06 17:01:48,71.0357,27.8492,66.15,55,0,3.44,clear sky
93,Vredendal,ZA,2021-07-06 17:01:48,-31.6683,18.5012,57.49,37,6,8.61,clear sky
94,Fare,PF,2021-07-06 17:01:48,-16.7,-151.0167,79.99,71,17,14.85,few clouds
95,Babati,TZ,2021-07-06 17:01:49,-4.2167,35.75,62.56,60,14,5.01,few clouds
96,Mount Gambier,AU,2021-07-06 16:59:27,-37.8333,140.7667,44.51,81,99,8.05,overcast clouds
97,Jumla,NP,2021-07-06 17:01:49,29.2747,82.1838,63.09,94,67,0.78,broken clouds
98,Llanes,ES,2021-07-06 17:01:49,43.4198,-4.7549,68.27,75,39,4.32,scattered clouds
99,Faanui,PF,2021-07-06 17:01:50,-16.4833,-151.75,80.22,76,30,14.56,light rain
100,Vila,PT,2021-07-06 17:01:50,42.0304,-8.1588,61.74,77,76,7.63,broken clouds
101,Kamaishi,JP,2021-07-06 17:01:50,39.2667,141.8833,67.19,90,59,3.69,broken clouds
102,Asfi,MA,2021-07-06 17:01:51,32.2994,-9.2372,74.28,66,0,20.58,clear sky
103,Hobart,AU,2021-07-06 17:01:51,-42.8794,147.3294,35.46,89,21,8.05,few clouds
104,Jining,CN,2021-07-06 17:01:51,35.405,116.5814,73.65,90,100,4.88,overcast clouds
105,Caxito,AO,2021-07-06 17:01:52,-8.5785,13.6643,74.05,71,53,9.64,broken clouds
106,Kapaa,US,2021-07-06 17:01:52,22.0752,-159.319,76.98,84,30,1.99,light rain
107,Hithadhoo,MV,2021-07-06 17:01:52,-0.6,73.0833,82.04,78,99,10.38,light rain
108,Port Lincoln,AU,2021-07-06 17:01:53,-34.7333,135.8667,53.46,57,58,10.78,broken clouds
109,Avarua,CK,2021-07-06 17:01:53,-21.2078,-159.775,72.79,81,100,13.94,light rain
110,Bethel,US,2021-07-06 17:01:53,41.3712,-73.414,91.15,71,74,5.01,broken clouds
111,Sola,VU,2021-07-06 17:01:54,-13.8833,167.55,79.93,73,66,16.44,broken clouds
112,Lucapa,AO,2021-07-06 17:01:54,-8.4192,20.7447,73.96,17,36,1.83,scattered clouds
113,Te Anau,NZ,2021-07-06 17:01:54,-45.4167,167.7167,39.36,96,100,6.62,overcast clouds
114,Belaya Gora,RU,2021-07-06 17:01:55,68.5333,146.4167,52.29,64,99,0.43,overcast clouds
115,Cayenne,GF,2021-07-06 16:57:10,4.9333,-52.3333,87.84,79,75,3.0,broken clouds
116,Vaini,TO,2021-07-06 17:01:55,-21.2,-175.2,71.62,65,90,20.83,overcast clouds
117,Deputatskiy,RU,2021-07-06 17:01:56,69.3,139.9,45.7,83,59,5.46,broken clouds
118,Suntar,RU,2021-07-06 17:01:56,62.1444,117.6319,63.01,66,38,5.03,scattered clouds
119,San Pedro De Ycuamandiyu,PY,2021-07-06 17:01:56,-24.0917,-57.0764,86.59,21,1,8.12,clear sky
120,Harper,LR,2021-07-06 17:01:57,4.375,-7.7169,74.82,90,100,6.06,light rain
121,Cockburn Town,TC,2021-07-06 17:01:57,21.4612,-71.1419,81.18,80,100,20.54,overcast clouds
122,Dikson,RU,2021-07-06 17:01:58,73.5069,80.5464,34.77,87,47,9.75,scattered clouds
123,Bandarbeyla,SO,2021-07-06 17:01:58,9.4942,50.8122,77.81,81,80,33.08,broken clouds
124,Bermeo,ES,2021-07-06 17:01:58,43.4209,-2.7215,68.13,69,100,3.87,overcast clouds
125,Esperance,AU,2021-07-06 17:01:58,-33.8667,121.9,58.87,58,100,21.79,light rain
126,Takoradi,GH,2021-07-06 17:01:21,4.8845,-1.7554,78.01,84,97,11.52,light rain
127,Alvorada,BR,2021-07-06 17:01:59,-12.48,-49.1247,92.98,20,0,5.75,clear sky
128,San Quintin,MX,2021-07-06 17:02:00,30.4833,-115.95,72.81,68,42,14.23,scattered clouds
129,Miles City,US,2021-07-06 17:02:00,46.4083,-105.8406,79.52,64,40,10.36,scattered clouds
130,Laguna,US,2021-07-06 17:02:00,38.421,-121.4238,87.21,65,1,6.91,clear sky
131,Ponta Do Sol,PT,2021-07-06 17:02:01,32.6667,-17.1,76.71,74,19,3.13,few clouds
132,Lorengau,PG,2021-07-06 17:01:16,-2.0226,147.2712,80.2,81,100,1.39,overcast clouds
133,Saint-Philippe,RE,2021-07-06 17:02:01,-21.3585,55.7679,72.95,83,59,9.42,light rain
134,Constantine,DZ,2021-07-06 17:02:02,36.365,6.6147,94.68,21,21,11.25,few clouds
135,Kivertsi,UA,2021-07-06 17:02:02,50.8343,25.4582,74.21,77,13,4.41,few clouds
136,East London,ZA,2021-07-06 17:02:03,-33.0153,27.9116,63.64,48,22,5.23,few clouds
137,Mareeba,AU,2021-07-06 17:02:03,-17.0,145.4333,67.48,91,99,1.74,overcast clouds
138,Katima Mulilo,NA,2021-07-06 17:02:04,-17.5,24.2667,63.55,23,0,6.35,clear sky
139,Barcelos,PT,2021-07-06 16:59:37,41.5388,-8.6151,68.85,61,36,9.1,scattered clouds
140,Maunabo,PR,2021-07-06 17:02:04,18.0072,-65.8993,91.04,81,54,12.33,broken clouds
141,New Norfolk,AU,2021-07-06 17:02:04,-42.7826,147.0587,35.1,80,11,2.62,few clouds
142,Klaksvik,FO,2021-07-06 17:02:05,62.2266,-6.589,52.72,99,100,4.72,overcast clouds
143,Chalus,IR,2021-07-06 17:02:05,36.655,51.4204,82.0,77,5,1.23,clear sky
144,Dire,ML,2021-07-06 17:02:05,12.2833,-10.9667,98.96,29,61,4.81,broken clouds
145,Paea,PF,2021-07-06 17:02:06,-17.6833,-149.5833,74.91,78,20,3.44,few clouds
146,Bathsheba,BB,2021-07-06 17:02:06,13.2167,-59.5167,83.23,71,34,18.25,scattered clouds
147,Cabo San Lucas,MX,2021-07-06 17:00:01,22.8909,-109.9124,94.8,66,80,9.64,broken clouds
148,Jamestown,US,2021-07-06 17:02:06,42.097,-79.2353,84.29,86,90,1.99,overcast clouds
149,Sao Filipe,CV,2021-07-06 17:02:07,14.8961,-24.4956,75.4,76,97,4.41,overcast clouds
150,Turukhansk,RU,2021-07-06 17:02:07,65.8167,87.9833,45.54,82,63,11.03,broken clouds
151,Kargasok,RU,2021-07-06 17:02:08,59.0556,80.8572,47.62,80,15,5.75,few clouds
152,Arshan,RU,2021-07-06 17:02:08,46.2732,44.22,75.58,64,20,11.18,few clouds
153,Caravelas,BR,2021-07-06 17:02:08,-17.7125,-39.2481,74.73,63,22,10.2,few clouds
154,Kavieng,PG,2021-07-06 17:02:08,-2.5744,150.7967,81.91,78,100,11.25,light rain
155,Sao Jose Da Coroa Grande,BR,2021-07-06 17:02:09,-8.8978,-35.1478,78.91,75,26,10.07,scattered clouds
156,Tafresh,IR,2021-07-06 17:02:09,34.692,50.013,82.58,8,0,11.95,clear sky
157,Pasuruan,ID,2021-07-06 17:02:09,-7.6453,112.9075,75.09,72,99,4.27,overcast clouds
158,Ofaqim,IL,2021-07-06 17:02:10,31.3141,34.6203,81.73,59,0,11.23,clear sky
159,Bubaque,GW,2021-07-06 17:02:10,11.2833,-15.8333,80.24,76,98,5.37,overcast clouds
160,Bambous Virieux,MU,2021-07-06 17:02:10,-20.3428,57.7575,73.22,76,14,14.32,light rain
161,Solnechnyy,RU,2021-07-06 17:02:10,50.7214,136.6319,64.44,90,67,4.63,broken clouds
162,Nanortalik,GL,2021-07-06 17:02:11,60.1432,-45.2371,44.08,92,100,6.71,overcast clouds
163,Fomboni,KM,2021-07-06 17:02:11,-12.28,43.7425,77.68,64,2,20.89,clear sky
164,Nanae,JP,2021-07-06 17:02:11,41.8833,140.6833,60.04,96,24,2.44,few clouds
165,Bredasdorp,ZA,2021-07-06 17:02:12,-34.5322,20.0403,47.28,86,5,1.01,clear sky
166,Tuy Hoa,VN,2021-07-06 16:58:54,13.0833,109.3,76.77,89,97,4.34,overcast clouds
167,Mormugao,IN,2021-07-06 17:02:12,15.4,73.8,82.11,83,44,8.59,light rain
168,Avallon,FR,2021-07-06 17:02:12,47.4833,3.9,67.14,73,95,9.4,overcast clouds
169,Bethalto,US,2021-07-06 17:02:13,38.9092,-90.0407,90.73,62,40,4.61,scattered clouds
170,Khao Yoi,TH,2021-07-06 17:02:13,13.2403,99.8243,82.89,76,100,2.51,overcast clouds
171,Provideniya,RU,2021-07-06 17:02:13,64.3833,-173.3,46.08,88,100,5.46,overcast clouds
172,Oranjemund,NA,2021-07-06 17:02:14,-28.55,16.4333,55.78,76,0,8.08,clear sky
173,Mianyang,CN,2021-07-06 17:02:14,31.4593,104.7542,76.35,81,96,0.58,overcast clouds
174,Beringovskiy,RU,2021-07-06 17:02:14,63.05,179.3167,40.05,90,33,4.29,scattered clouds
175,The Valley,AI,2021-07-06 17:02:15,18.217,-63.0578,85.1,74,20,21.14,few clouds
176,Sambava,MG,2021-07-06 17:02:15,-14.2667,50.1667,72.21,80,25,13.82,light rain
177,Arlit,NE,2021-07-06 17:02:15,18.7369,7.3853,111.38,5,82,21.39,broken clouds
178,Arecibo,PR,2021-07-06 17:02:15,18.4724,-66.7157,91.56,70,85,10.0,overcast clouds
179,Upernavik,GL,2021-07-06 17:02:16,72.7868,-56.1549,34.75,78,100,8.3,overcast clouds
180,Hobyo,SO,2021-07-06 17:02:16,5.3505,48.5268,78.58,79,74,27.51,broken clouds
181,Cartagena,CO,2021-07-06 17:00:13,10.3997,-75.5144,87.13,66,13,8.39,few clouds
182,Kupang,ID,2021-07-06 17:02:16,-10.1667,123.5833,75.52,75,76,12.01,broken clouds
183,Cherskiy,RU,2021-07-06 17:02:17,68.75,161.3,38.77,91,100,18.07,light rain
184,Korla,CN,2021-07-06 17:02:17,41.7597,86.1469,90.64,17,33,4.74,scattered clouds
185,Souillac,MU,2021-07-06 17:01:05,-20.5167,57.5167,73.36,76,4,13.06,clear sky
186,Ciudad Bolivar,VE,2021-07-06 17:02:18,8.1222,-63.5497,86.7,56,69,10.27,broken clouds
187,Kiambu,KE,2021-07-06 17:02:18,-1.1667,36.8333,64.67,77,91,0.27,light rain
188,Igarka,RU,2021-07-06 17:02:18,67.4667,86.5833,47.26,62,62,10.16,broken clouds
189,Ust-Kuyga,RU,2021-07-06 17:02:18,70.0167,135.6,54.36,53,100,5.19,overcast clouds
190,Mozarlandia,BR,2021-07-06 17:01:42,-14.7447,-50.5706,92.88,16,0,2.15,clear sky
191,Ibra,OM,2021-07-06 17:02:19,22.6906,58.5334,84.11,55,36,12.5,scattered clouds
192,Longyearbyen,SJ,2021-07-06 17:02:19,78.2186,15.6401,48.04,57,20,18.41,fog
193,Cidreira,BR,2021-07-06 17:02:20,-30.1811,-50.2056,62.37,81,2,14.67,clear sky
194,Callaway,US,2021-07-06 17:02:20,30.153,-85.5699,86.18,90,75,3.0,broken clouds
195,Matane,CA,2021-07-06 17:02:20,48.8286,-67.522,69.55,71,80,10.74,broken clouds
196,Byron Bay,AU,2021-07-06 17:02:20,-28.65,153.6167,48.87,80,15,8.77,few clouds
197,Mumbwa,ZM,2021-07-06 17:02:21,-14.9783,27.0619,61.54,44,1,4.63,clear sky
198,Mosquera,CO,2021-07-06 16:58:46,4.7059,-74.2302,64.49,52,40,9.22,scattered clouds
199,Sobolevo,RU,2021-07-06 17:02:21,54.4299,31.8996,70.21,75,20,6.22,few clouds
200,Bichura,RU,2021-07-06 17:02:21,50.5881,107.6022,65.93,64,25,3.8,scattered clouds
201,Petatlan,MX,2021-07-06 17:02:22,17.5167,-101.2667,86.29,61,100,3.53,overcast clouds
202,Mariental,NA,2021-07-06 17:02:22,-24.6333,17.9667,65.48,13,0,5.99,clear sky
203,Kaitangata,NZ,2021-07-06 17:02:22,-46.2817,169.8464,42.67,88,100,15.43,light rain
204,Montepuez,MZ,2021-07-06 17:02:23,-13.1256,38.9997,70.09,54,100,8.52,overcast clouds
205,Trinidad,BO,2021-07-06 17:02:23,-14.8333,-64.9,88.2,36,0,5.39,clear sky
206,La Maddalena,IT,2021-07-06 17:02:23,41.2142,9.4083,87.96,71,0,12.24,clear sky
207,Nuuk,GL,2021-07-06 17:02:24,64.1835,-51.7216,43.41,93,90,5.75,light rain
208,Dunda,TZ,2021-07-06 17:02:24,-8.1167,34.25,66.38,36,29,7.92,scattered clouds
209,Havoysund,NO,2021-07-06 17:02:24,70.9963,24.6622,74.28,69,28,9.69,scattered clouds
210,Nyimba,ZM,2021-07-06 17:02:25,-14.5566,30.8149,68.86,36,3,10.67,clear sky
211,Viby,DK,2021-07-06 16:59:26,55.5487,12.0239,67.59,91,90,8.05,moderate rain
212,Umm Kaddadah,SD,2021-07-06 17:02:25,13.6017,26.6876,95.92,27,98,11.41,overcast clouds
213,Udachnyy,RU,2021-07-06 17:02:25,66.4167,112.4,61.88,93,100,7.0,overcast clouds
214,Castro,BR,2021-07-06 17:02:26,-24.7911,-50.0119,61.81,63,33,5.64,scattered clouds
215,Horsham,GB,2021-07-06 17:02:26,51.064,-0.3272,64.13,76,40,13.8,scattered clouds
216,Anadyr,RU,2021-07-06 17:02:26,64.75,177.4833,37.0,100,82,8.01,broken clouds
217,Nemuro,JP,2021-07-06 17:02:27,43.3236,145.575,56.17,99,100,15.97,overcast clouds
218,Vila Velha,BR,2021-07-06 17:00:23,-20.3297,-40.2925,74.97,67,33,12.71,scattered clouds
219,Alice Springs,AU,2021-07-06 17:02:27,-23.7,133.8833,36.95,56,1,4.61,clear sky
220,Baghdad,IQ,2021-07-06 17:00:42,33.3406,44.4009,102.06,12,0,9.75,clear sky
221,Ustye,RU,2021-07-06 17:02:27,59.6304,39.736,71.94,60,0,0.65,clear sky
222,Ngunguru,NZ,2021-07-06 17:02:28,-35.6167,174.5,58.48,95,100,15.05,moderate rain
223,Cuorgne,IT,2021-07-06 17:02:28,45.3895,7.6499,79.07,73,86,1.01,overcast clouds
224,Oyonnax,FR,2021-07-06 17:02:28,46.2592,5.6573,65.25,99,100,2.66,overcast clouds
225,Novyy Karachay,RU,2021-07-06 17:02:29,43.8208,41.9032,62.28,95,64,1.95,broken clouds
226,Ambilobe,MG,2021-07-06 17:02:29,-13.2,49.05,69.93,72,22,2.89,few clouds
227,Georgetown,MY,2021-07-06 16:58:51,5.4112,100.3354,78.73,92,20,1.14,light rain
228,Saint George,US,2021-07-06 17:00:10,37.1041,-113.5841,100.87,17,23,1.01,few clouds
229,Port Blair,IN,2021-07-06 17:02:29,11.6667,92.75,82.51,78,100,13.82,overcast clouds
230,Bundaberg,AU,2021-07-06 17:02:30,-24.85,152.35,54.21,95,2,1.99,clear sky
231,Kuala Terengganu,MY,2021-07-06 17:02:30,5.3302,103.1408,77.36,87,100,6.67,light rain
232,Zhigansk,RU,2021-07-06 17:02:30,66.7697,123.3711,56.93,66,100,10.4,overcast clouds
233,Barreirinhas,BR,2021-07-06 17:02:31,-2.7469,-42.8264,84.97,67,29,4.79,scattered clouds
234,Kodiak,US,2021-07-06 17:02:31,57.79,-152.4072,51.69,88,100,0.27,overcast clouds
235,Chokurdakh,RU,2021-07-06 17:02:31,70.6333,147.9167,51.35,64,67,11.14,broken clouds
236,San Lawrenz,MT,2021-07-06 17:02:32,36.0553,14.204,83.61,75,0,6.04,clear sky
237,Hofn,IS,2021-07-06 17:02:32,64.2539,-15.2082,53.24,90,96,10.6,overcast clouds
238,Hervey Bay,AU,2021-07-06 17:02:32,-25.2986,152.8535,54.03,75,4,7.43,clear sky
239,Ulladulla,AU,2021-07-06 17:02:33,-35.35,150.4667,42.1,75,100,4.79,overcast clouds
240,Olafsvik,IS,2021-07-06 17:02:33,64.8945,-23.7142,51.57,91,97,10.76,overcast clouds
241,Yeppoon,AU,2021-07-06 17:02:33,-23.1333,150.7333,51.58,85,4,8.52,clear sky
242,Emerald,AU,2021-07-06 17:00:24,-23.5333,148.1667,49.98,50,0,9.73,clear sky
243,Mecca,SA,2021-07-06 17:02:15,21.4267,39.8261,93.63,26,12,7.34,few clouds
244,Sayat,TM,2021-07-06 17:02:34,38.7839,63.8803,99.1,12,0,11.95,clear sky
245,Itaituba,BR,2021-07-06 17:02:34,-4.2761,-55.9836,95.07,36,31,2.15,scattered clouds
246,Tsuruoka,JP,2021-07-06 17:02:35,38.7217,139.8217,69.76,92,100,4.14,heavy intensity rain
247,Chabahar,IR,2021-07-06 17:02:35,25.2919,60.643,83.5,74,39,10.85,scattered clouds
248,Tutin,RS,2021-07-06 16:58:07,42.9903,20.3314,73.72,63,77,1.59,broken clouds
249,Razdolinsk,RU,2021-07-06 17:02:35,58.4211,94.6658,64.81,92,80,0.67,broken clouds
250,Kruisfontein,ZA,2021-07-06 17:02:36,-34.0033,24.7314,49.89,76,42,4.9,scattered clouds
251,Kirakira,SB,2021-07-06 17:02:36,-10.4544,161.9205,78.64,87,24,9.08,light rain
252,Mitsamiouli,KM,2021-07-06 17:02:36,-11.3847,43.2844,77.9,69,18,10.92,few clouds
253,Lasa,IT,2021-07-06 17:02:37,46.6166,10.7002,78.71,75,84,5.91,broken clouds
254,Bengkulu,ID,2021-07-06 17:02:37,-3.8004,102.2655,74.98,88,43,4.21,scattered clouds
255,Quesnel,CA,2021-07-06 17:02:05,52.9999,-122.5029,73.94,43,3,0.31,clear sky
256,Coquimbo,CL,2021-07-06 17:02:38,-29.9533,-71.3436,55.06,75,91,2.26,overcast clouds
257,Yulara,AU,2021-07-06 17:02:38,-25.2406,130.9889,49.48,33,60,7.34,broken clouds
258,Sur,OM,2021-07-06 17:02:38,22.5667,59.5289,86.11,66,2,17.56,clear sky
259,Victoria,HK,2021-07-06 16:59:16,22.2855,114.1577,84.16,94,78,7.0,light rain
260,Luderitz,NA,2021-07-06 17:02:39,-26.6481,15.1594,58.44,74,0,11.23,clear sky
261,Lebu,CL,2021-07-06 17:02:39,-37.6167,-73.65,52.07,85,100,14.76,overcast clouds
262,Norman Wells,CA,2021-07-06 17:02:39,65.282,-126.8329,74.64,55,13,10.04,few clouds
263,Ishigaki,JP,2021-07-06 17:02:40,24.3448,124.1572,84.06,84,18,16.31,few clouds
264,Sumbe,AO,2021-07-06 17:02:40,-11.2061,13.8437,72.46,77,5,7.52,clear sky
265,Ca Mau,VN,2021-07-06 17:02:40,9.1769,105.15,77.86,87,100,7.05,light rain
266,San Luis,AR,2021-07-06 17:02:41,-33.295,-66.3356,67.78,45,1,14.03,clear sky
267,Constitucion,CL,2021-07-06 17:02:41,-35.3333,-72.4167,54.18,76,97,15.82,overcast clouds
268,Tome,CL,2021-07-06 17:02:41,-36.6167,-72.95,53.26,72,87,10.36,overcast clouds
269,Tadine,NC,2021-07-06 17:02:42,-21.55,167.8833,72.54,84,8,10.13,clear sky
270,Fort Nelson,CA,2021-07-06 17:02:42,58.8053,-122.7002,71.69,45,9,4.83,clear sky
271,Daugavpils,LV,2021-07-06 17:02:43,55.8833,26.5333,74.19,71,100,7.58,overcast clouds
272,Xining,CN,2021-07-06 17:02:43,36.6167,101.7667,55.56,85,98,2.93,overcast clouds
273,Makakilo City,US,2021-07-06 17:02:43,21.3469,-158.0858,75.69,75,25,14.9,scattered clouds
274,Tieli,CN,2021-07-06 17:02:43,46.95,128.05,63.52,93,51,4.09,broken clouds
275,Zhezkazgan,KZ,2021-07-06 17:02:44,47.8043,67.7144,82.78,31,31,12.26,scattered clouds
276,Anupgarh,IN,2021-07-06 17:02:44,29.1911,73.2086,103.77,24,15,12.64,few clouds
277,Kabale,UG,2021-07-06 17:02:45,-1.2486,29.9899,63.7,64,100,2.51,overcast clouds
278,Mar Del Plata,AR,2021-07-06 17:02:45,-38.0023,-57.5575,57.99,86,1,7.0,clear sky
279,Zalantun,CN,2021-07-06 17:02:45,48.0,122.7167,66.18,82,98,3.65,overcast clouds
280,Saskylakh,RU,2021-07-06 17:02:45,71.9167,114.0833,44.31,59,91,5.86,overcast clouds
281,Ketchikan,US,2021-07-06 16:58:15,55.3422,-131.6461,59.88,82,72,2.62,broken clouds
282,Hollins,US,2021-07-06 17:02:46,37.3413,-79.9431,91.78,49,40,3.44,scattered clouds
283,Severnyy,RU,2021-07-06 17:02:46,50.677,36.5532,68.04,64,0,11.18,clear sky
284,Dongsheng,CN,2021-07-06 17:02:47,39.8161,109.9776,71.73,35,61,7.2,broken clouds
285,Mananara,MG,2021-07-06 17:02:47,-16.1667,49.7667,67.26,93,57,6.24,light rain
286,Honningsvag,NO,2021-07-06 17:02:47,70.9821,25.9704,65.73,82,0,3.44,clear sky
287,Uniao,BR,2021-07-06 17:02:48,-4.5858,-42.8642,95.34,29,0,4.47,clear sky
288,Christchurch,NZ,2021-07-06 17:00:04,-43.5333,172.6333,47.91,84,75,11.01,broken clouds
289,Xacmaz,AZ,2021-07-06 17:02:48,41.4635,48.806,76.19,72,0,8.23,clear sky
290,Hamilton,US,2021-07-06 16:59:24,39.1834,-84.5333,91.26,63,27,1.99,scattered clouds
291,Quatre Cocos,MU,2021-07-06 17:02:49,-20.2078,57.7625,73.09,76,17,14.52,light rain
292,Coahuayana,MX,2021-07-06 17:02:49,18.7333,-103.6833,87.42,59,86,3.89,overcast clouds
293,Mbandaka,CD,2021-07-06 17:02:49,0.0487,18.2603,78.8,59,85,2.01,overcast clouds
294,Moron,AR,2021-07-06 16:59:20,-34.6534,-58.6198,56.97,99,100,7.4,overcast clouds
295,Fairlie,GB,2021-07-06 17:02:50,55.756,-4.8556,66.11,73,97,3.85,overcast clouds
296,Aswan,EG,2021-07-06 17:02:50,24.0934,32.907,99.41,9,2,11.61,clear sky
297,Kawalu,ID,2021-07-06 17:02:50,-7.3817,108.2082,67.21,94,40,2.3,scattered clouds
298,Pozo Colorado,PY,2021-07-06 17:02:51,-23.4923,-58.7972,87.75,20,0,10.78,clear sky
299,Jiayuguan,CN,2021-07-06 17:02:51,39.8167,98.3,75.25,18,0,5.82,clear sky
300,Necochea,AR,2021-07-06 17:02:51,-38.5473,-58.7368,58.03,52,0,14.38,clear sky
301,Yaan,NG,2021-07-06 17:02:52,7.3833,8.5667,79.65,79,82,4.9,broken clouds
302,Temirtau,KZ,2021-07-06 17:02:52,50.0544,72.9483,70.05,84,9,9.84,clear sky
303,Sangar,RU,2021-07-06 17:02:53,63.9242,127.4739,60.85,67,68,3.67,broken clouds
304,Husavik,IS,2021-07-06 17:02:53,66.0449,-17.3389,52.21,88,100,8.16,overcast clouds
305,Mahebourg,MU,2021-07-06 17:02:53,-20.4081,57.7,73.26,75,9,14.27,clear sky
306,Ewa Beach,US,2021-07-06 17:02:53,21.3156,-158.0072,77.09,74,25,10.0,scattered clouds
307,Winnipeg,CA,2021-07-06 17:01:57,49.8844,-97.147,59.02,69,49,11.45,scattered clouds
308,Port Elizabeth,ZA,2021-07-06 17:02:54,-33.918,25.5701,52.11,67,15,8.05,few clouds
309,Nyurba,RU,2021-07-06 17:02:54,63.2842,118.3319,63.25,69,51,4.68,broken clouds
310,Hlotse,LS,2021-07-06 17:02:55,-28.8718,28.045,53.24,41,93,4.23,overcast clouds
311,Ostrovnoy,RU,2021-07-06 17:02:55,68.0531,39.5131,72.19,49,80,13.47,broken clouds
312,Fortuna,US,2021-07-06 16:58:56,40.5982,-124.1573,62.85,92,90,0.0,overcast clouds
313,Kondinskoye,RU,2021-07-06 17:02:55,59.6481,67.41,59.94,54,43,2.44,scattered clouds
314,Codrington,AU,2021-07-06 17:02:56,-38.2667,141.9667,43.57,75,89,8.19,overcast clouds
315,Sibolga,ID,2021-07-06 17:02:56,1.7427,98.7792,76.42,80,100,3.53,moderate rain
316,Kiruna,SE,2021-07-06 17:02:57,67.8557,20.2251,77.92,27,0,10.36,clear sky
317,Marawi,PH,2021-07-06 17:02:57,7.9986,124.2928,66.65,97,100,1.57,overcast clouds
318,Verkhnyaya Inta,RU,2021-07-06 17:02:57,65.9811,60.3094,62.47,53,71,8.43,broken clouds
319,Khasan,RU,2021-07-06 17:02:57,42.4308,130.6434,64.29,94,76,1.03,broken clouds
320,Brae,GB,2021-07-06 17:02:58,60.3964,-1.353,60.71,75,96,11.25,overcast clouds
321,Praia,CV,2021-07-06 17:02:58,14.9215,-23.5087,79.34,69,40,12.66,scattered clouds
322,Longonjo,AO,2021-07-06 17:02:59,-12.9067,15.2533,66.69,15,6,2.95,clear sky
323,Kemi,FI,2021-07-06 17:02:59,65.8596,24.8228,74.97,53,0,5.75,clear sky
324,Kannangad,IN,2021-07-06 17:02:59,12.3081,75.1063,80.58,87,47,6.69,scattered clouds
325,Chicama,PE,2021-07-06 17:03:00,-7.8447,-79.1469,73.17,58,12,9.62,few clouds
326,Katsuura,JP,2021-07-06 17:03:00,35.1333,140.3,77.18,96,100,10.69,moderate rain
327,Nishihara,JP,2021-07-06 17:03:01,26.1842,127.7558,82.06,94,20,9.22,few clouds
328,Namatanai,PG,2021-07-06 17:03:01,-3.6667,152.4333,79.23,83,78,5.75,broken clouds
329,Springbok,ZA,2021-07-06 17:03:01,-29.6643,17.8865,53.26,30,0,0.65,clear sky
330,Oeiras Do Para,BR,2021-07-06 17:03:02,-2.0031,-49.8544,91.92,46,0,2.8,clear sky
331,Madison Heights,US,2021-07-06 17:03:02,42.4859,-83.1052,91.83,64,1,9.22,clear sky
332,Terme,TR,2021-07-06 17:03:03,41.2092,36.9739,71.53,81,37,8.43,scattered clouds
333,Devils Lake,US,2021-07-06 17:02:27,48.1128,-98.8651,60.91,79,90,7.0,overcast clouds
334,Bollnas,SE,2021-07-06 17:03:03,61.3482,16.3946,71.13,89,90,5.7,overcast clouds
335,Boyolangu,ID,2021-07-06 17:03:04,-8.1181,111.8935,70.48,86,97,0.67,overcast clouds
336,Havelock,US,2021-07-06 17:03:04,34.8791,-76.9013,85.98,68,80,1.01,broken clouds
337,Nantucket,US,2021-07-06 17:02:12,41.2835,-70.0995,80.94,85,1,19.57,clear sky
338,Dhidhdhoo,MV,2021-07-06 17:03:04,6.8833,73.1,82.74,79,72,18.63,broken clouds
339,Masindi,UG,2021-07-06 17:03:05,1.6744,31.715,68.5,68,94,1.34,overcast clouds
340,Kamenka,RU,2021-07-06 17:03:05,51.3223,42.7678,66.7,74,55,9.22,broken clouds
341,Letterkenny,IE,2021-07-06 16:59:23,54.95,-7.7333,60.69,89,99,6.96,overcast clouds
342,Kopavogur,IS,2021-07-06 17:03:06,64.1123,-21.913,55.31,81,100,11.18,overcast clouds
343,Krasnoselkup,RU,2021-07-06 17:03:06,65.7,82.4667,49.44,56,61,10.71,broken clouds
344,Pisco,PE,2021-07-06 17:03:06,-13.7,-76.2167,65.01,77,0,7.99,clear sky
345,Isangel,VU,2021-07-06 17:03:07,-19.55,169.2667,72.48,87,6,7.47,clear sky
346,Monte Alegre,BR,2021-07-06 17:03:07,-2.0078,-54.0692,86.99,57,5,1.12,clear sky
347,Mugur-Aksy,RU,2021-07-06 17:03:07,50.35,90.5,57.79,71,76,4.72,broken clouds
348,Venice,US,2021-07-06 17:00:20,27.0998,-82.4543,83.21,94,75,8.05,moderate rain
349,Half Moon Bay,US,2021-07-06 17:03:08,37.4636,-122.4286,70.99,79,75,12.66,broken clouds
350,Demirci,TR,2021-07-06 17:03:08,39.0461,28.6589,65.16,74,66,6.85,broken clouds
351,Mongo,TD,2021-07-06 17:03:09,12.1844,18.693,93.45,35,44,5.77,scattered clouds
352,Verkhnevilyuysk,RU,2021-07-06 17:03:09,63.4453,120.3167,65.28,64,48,4.92,scattered clouds
353,Charcas,MX,2021-07-06 17:03:09,23.1333,-101.1167,70.54,56,100,3.18,overcast clouds
354,Ocampo,MX,2021-07-06 17:03:10,21.65,-101.5,62.8,72,100,5.64,overcast clouds
355,Hirara,JP,2021-07-06 17:03:10,24.8,125.2833,83.68,85,12,13.53,few clouds
356,Ballina,AU,2021-07-06 17:03:10,-28.8667,153.5667,44.94,95,8,8.01,clear sky
357,Gobabis,NA,2021-07-06 17:03:11,-22.45,18.9667,59.63,16,0,11.68,clear sky
358,Remedios,CU,2021-07-06 17:03:11,22.4947,-79.5458,87.62,60,96,8.59,overcast clouds
359,Mago,RU,2021-07-06 17:03:11,53.2514,140.1822,62.56,77,100,3.51,overcast clouds
360,Bereda,ES,2021-07-06 17:03:11,43.2686,-7.5406,64.42,85,90,7.7,overcast clouds
361,Guerrero Negro,MX,2021-07-06 17:03:12,27.9769,-114.0611,68.83,76,98,9.13,overcast clouds
362,Redlands,US,2021-07-06 16:58:58,34.0556,-117.1825,102.92,36,2,4.52,clear sky
363,Hambantota,LK,2021-07-06 17:03:12,6.1241,81.1185,80.71,82,96,17.02,overcast clouds
364,Ayagoz,KZ,2021-07-06 17:03:12,47.9714,80.4392,75.18,52,90,15.3,overcast clouds
365,Shenzhen,CN,2021-07-06 17:03:13,22.5455,114.0683,83.21,93,82,8.37,broken clouds
366,Port Hedland,AU,2021-07-06 17:03:13,-20.3167,118.5667,57.25,67,40,10.36,scattered clouds
367,Simbahan,PH,2021-07-06 17:03:13,6.3032,120.5836,81.86,76,100,10.51,overcast clouds
368,Rocha,UY,2021-07-06 17:03:14,-34.4833,-54.3333,65.14,69,45,14.36,scattered clouds
369,Rudsar,IR,2021-07-06 17:03:14,37.1376,50.288,80.83,75,0,1.7,clear sky
370,Coihaique,CL,2021-07-06 17:03:14,-45.5752,-72.0662,41.36,99,100,2.84,light rain
371,Osmena,PH,2021-07-06 17:03:15,10.5208,119.9258,78.48,85,100,7.58,light rain
372,Mildura,AU,2021-07-06 17:01:25,-34.2,142.15,43.86,74,7,8.39,clear sky
373,Tofield,CA,2021-07-06 17:03:15,53.3668,-112.6686,62.47,91,100,8.57,light rain
374,Adrar,MR,2021-07-06 17:03:15,20.5022,-10.0711,111.2,9,13,8.79,few clouds
375,Ust-Maya,RU,2021-07-06 17:03:16,60.4167,134.5333,56.48,97,48,2.21,scattered clouds
376,Paamiut,GL,2021-07-06 17:03:16,61.994,-49.6678,43.29,92,100,26.53,moderate rain
377,Tshane,BW,2021-07-06 17:03:16,-24.0196,21.8684,59.76,27,0,8.97,clear sky
378,Batagay-Alyta,RU,2021-07-06 17:03:17,67.8006,130.4114,51.3,74,97,4.61,overcast clouds
379,Nome,US,2021-07-06 17:03:17,64.5011,-165.4064,49.15,93,90,8.05,overcast clouds
380,Kem,RU,2021-07-06 17:03:18,64.9555,34.5793,76.6,41,100,7.61,overcast clouds
381,North Bend,US,2021-07-06 17:03:18,43.4065,-124.2243,57.11,88,90,8.05,mist
382,Nouadhibou,MR,2021-07-06 17:03:18,20.931,-17.0347,66.33,93,18,13.76,few clouds
383,Tongliao,CN,2021-07-06 17:03:18,43.6125,122.2653,66.79,93,91,2.37,overcast clouds
384,Saint-Augustin,CA,2021-07-06 17:03:19,51.226,-58.6502,78.96,39,20,15.75,few clouds
385,Bacolod,PH,2021-07-06 17:03:19,10.6667,122.95,76.78,89,100,2.13,overcast clouds
386,Pangnirtung,CA,2021-07-06 17:03:19,66.1451,-65.7125,39.2,93,75,14.97,broken clouds
387,North Platte,US,2021-07-06 17:02:49,41.1239,-100.7654,69.69,78,40,4.61,scattered clouds
388,Kaniama,CD,2021-07-06 17:03:20,-7.5667,24.1833,74.46,23,20,2.75,few clouds
389,Juneau,US,2021-07-06 17:03:20,58.3019,-134.4197,63.1,93,76,4.0,broken clouds
390,Tura,IN,2021-07-06 17:03:20,25.5198,90.2201,75.43,96,100,6.02,overcast clouds
391,Karratha,AU,2021-07-06 17:03:21,-20.7377,116.8463,67.12,52,14,5.14,few clouds
392,Opuwo,NA,2021-07-06 17:03:21,-18.0607,13.84,68.13,13,0,8.43,clear sky
393,Saint-Francois,FR,2021-07-06 17:03:21,46.4154,3.9054,67.44,65,0,5.75,clear sky
394,Teya,RU,2021-07-06 17:03:22,60.3778,92.6267,64.63,98,100,3.78,light rain
395,San Patricio,US,2021-07-06 17:03:22,28.017,-97.5169,81.01,94,100,9.57,overcast clouds
396,Toora-Khem,RU,2021-07-06 17:03:22,52.4675,96.11,61.97,90,51,1.59,broken clouds
397,Robe,AU,2021-07-06 17:03:22,-37.1833,139.75,47.21,80,93,11.65,overcast clouds
398,Beloha,MG,2021-07-06 17:03:23,-25.1667,45.05,62.53,89,0,6.78,clear sky
399,Lincoln,US,2021-07-06 17:00:41,40.8,-96.667,88.12,56,82,4.0,broken clouds
400,Cabra,ES,2021-07-06 17:03:23,37.4725,-4.4421,90.84,23,0,16.49,clear sky
401,Wanning,CN,2021-07-06 17:03:23,18.8003,110.3967,79.48,91,98,7.16,overcast clouds
402,Tarko-Sale,RU,2021-07-06 17:03:24,64.9225,77.785,53.89,55,24,11.52,few clouds
403,Soderhamn,SE,2021-07-06 17:03:24,61.3037,17.0592,71.74,86,80,6.29,moderate rain
404,Margate,GB,2021-07-06 17:03:24,51.3813,1.3862,64.26,70,40,25.39,scattered clouds
405,Paris,FR,2021-07-06 16:58:46,48.8534,2.3488,73.98,46,0,5.99,clear sky
406,Yanggu,CN,2021-07-06 17:03:25,36.1106,115.7753,77.92,79,100,8.46,overcast clouds
407,Mookane,BW,2021-07-06 17:03:25,-23.688,26.6595,60.6,45,0,7.45,clear sky
408,Aksu,CN,2021-07-06 17:03:26,41.1231,80.2644,85.03,28,53,16.93,broken clouds
409,Berdigestyakh,RU,2021-07-06 17:03:26,62.0989,126.6992,59.83,80,44,2.66,scattered clouds
410,Dillon,US,2021-07-06 17:03:26,34.4166,-79.3712,91.2,39,100,6.31,overcast clouds
411,Inta,RU,2021-07-06 17:03:26,66.0317,60.1659,63.23,52,75,9.04,broken clouds
412,Farkhor,TJ,2021-07-06 17:03:27,37.4922,69.4036,94.08,32,7,8.46,clear sky
413,Dudinka,RU,2021-07-06 17:03:27,69.4058,86.1778,49.42,51,2,2.35,clear sky
414,Conceicao Do Araguaia,BR,2021-07-06 17:03:27,-8.2578,-49.2647,95.43,24,30,5.95,scattered clouds
415,Tuatapere,NZ,2021-07-06 17:03:28,-46.1333,167.6833,40.71,84,100,10.13,overcast clouds
416,Morros,BR,2021-07-06 17:03:28,-9.4467,-46.3003,91.89,26,0,6.87,clear sky
417,Xuddur,SO,2021-07-06 17:03:28,4.1213,43.8894,79.3,48,98,22.03,overcast clouds
418,Mahibadhoo,MV,2021-07-06 17:03:29,3.7833,72.9667,82.85,77,86,14.34,overcast clouds
419,Shirakawa,JP,2021-07-06 17:03:29,37.1223,140.2376,69.94,100,100,1.39,heavy intensity rain
420,Zaozerne,UA,2021-07-06 17:03:29,45.1582,33.2787,70.95,83,59,7.56,broken clouds
421,Sitamau,IN,2021-07-06 17:03:29,24.0167,75.35,91.42,42,80,8.55,broken clouds
422,Borogontsy,RU,2021-07-06 17:03:30,62.6683,131.1683,61.81,73,86,3.85,overcast clouds
423,Trenggalek,ID,2021-07-06 17:03:30,-8.05,111.7167,70.14,90,91,0.09,overcast clouds
424,Alugan,PH,2021-07-06 17:03:31,12.2188,125.4808,79.2,81,44,0.69,scattered clouds
425,Werda,BW,2021-07-06 17:03:31,-25.2667,23.2833,60.75,34,0,8.34,clear sky
426,Shelton,US,2021-07-06 17:03:31,41.3165,-73.0932,93.83,68,1,1.99,clear sky
427,Puerto Colombia,CO,2021-07-06 17:03:31,10.9878,-74.9547,85.66,68,5,11.9,clear sky
428,Carutapera,BR,2021-07-06 17:03:32,-1.195,-46.02,83.23,73,7,7.47,clear sky
429,Tahe,CN,2021-07-06 17:03:32,52.3333,124.7333,61.38,96,72,1.74,broken clouds
430,Sikandarpur,IN,2021-07-06 17:03:32,26.05,84.05,93.27,53,84,7.09,broken clouds
431,Les Cayes,HT,2021-07-06 17:03:33,18.2,-73.75,83.77,71,99,13.35,overcast clouds
432,Shepsi,RU,2021-07-06 17:03:33,44.0361,39.1489,74.35,75,68,10.54,broken clouds
433,Cobija,BO,2021-07-06 17:03:33,-11.0267,-68.7692,91.44,33,0,1.95,clear sky
434,Normandin,CA,2021-07-06 17:03:34,48.8333,-72.5321,74.61,61,86,11.03,overcast clouds
435,Ouallam,NE,2021-07-06 17:03:34,14.3188,2.0866,100.45,23,95,11.7,overcast clouds
436,Czersk,PL,2021-07-06 17:03:34,53.7959,17.9765,84.54,46,26,7.05,scattered clouds
437,Aquiraz,BR,2021-07-06 17:03:35,-3.9014,-38.3911,87.89,69,55,11.54,broken clouds
438,Lavrentiya,RU,2021-07-06 17:03:35,65.5833,-171.0,46.87,85,100,3.85,overcast clouds
439,Vao,NC,2021-07-06 17:03:35,-22.6667,167.4833,70.9,88,94,13.58,overcast clouds
440,Morgan City,US,2021-07-06 17:03:36,29.6994,-91.2068,88.0,83,40,10.36,scattered clouds
441,Sao Lourenco Do Sul,BR,2021-07-06 17:03:36,-31.3653,-51.9783,64.45,74,30,12.24,scattered clouds
442,Santa Rosa,PH,2021-07-06 17:01:17,14.3122,121.1114,78.12,93,100,2.82,overcast clouds
443,Varhaug,NO,2021-07-06 17:03:36,58.6147,5.6457,63.79,87,98,22.17,overcast clouds
444,Alpena,US,2021-07-06 17:01:41,45.0617,-83.4327,89.74,68,22,5.01,few clouds
445,Tilichiki,RU,2021-07-06 17:03:37,60.4667,166.1,51.53,86,85,2.51,overcast clouds
446,Medvezhyegorsk,RU,2021-07-06 17:03:37,62.9167,34.4667,73.72,45,89,6.11,overcast clouds
447,Prince George,CA,2021-07-06 17:01:33,53.9166,-122.753,70.25,62,12,1.01,few clouds
448,Vanimo,PG,2021-07-06 17:03:38,-2.6741,141.3028,77.86,87,98,2.37,overcast clouds
449,Dharur,IN,2021-07-06 17:03:38,18.8167,76.1167,84.24,51,84,4.52,broken clouds
450,Komsomolskiy,UZ,2021-07-06 17:03:38,40.4272,71.7189,88.52,25,16,2.3,few clouds
451,Midland,US,2021-07-06 16:58:44,31.9974,-102.0779,81.05,66,75,10.36,broken clouds
452,Bilma,NE,2021-07-06 17:03:39,18.6853,12.9164,106.43,6,1,9.51,clear sky
453,Nuevo Progreso,MX,2021-07-06 17:03:39,23.1667,-97.95,88.9,65,99,5.01,overcast clouds
454,Port Alberni,CA,2021-07-06 17:03:06,49.2413,-124.8028,73.29,71,28,3.24,scattered clouds
455,Darnah,LY,2021-07-06 17:03:39,32.767,22.6367,78.91,76,0,19.91,clear sky
456,Salmas,IR,2021-07-06 17:03:40,38.1973,44.7653,77.31,17,0,9.15,clear sky
457,Marsaxlokk,MT,2021-07-06 17:03:40,35.8419,14.5431,84.81,54,0,3.44,clear sky
458,Bonavista,CA,2021-07-06 17:03:41,48.6499,-53.1147,59.43,74,45,6.91,scattered clouds
459,Pak Phanang,TH,2021-07-06 17:03:41,8.3511,100.202,78.75,82,100,11.1,overcast clouds
460,Cuamba,MZ,2021-07-06 17:03:41,-14.8031,36.5372,66.61,55,63,7.34,broken clouds
461,Bozoum,CF,2021-07-06 17:03:42,6.3193,16.3799,73.98,81,96,6.62,moderate rain
462,Puerto Escondido,MX,2021-07-06 17:03:42,15.85,-97.0667,85.03,58,90,9.22,overcast clouds
463,Brentwood,US,2021-07-06 17:02:51,40.7812,-73.2462,93.76,68,75,8.99,broken clouds
464,Nelson Bay,AU,2021-07-06 17:03:42,-32.7167,152.15,47.95,90,98,9.86,overcast clouds
465,Sitka,US,2021-07-06 17:03:43,57.0531,-135.33,54.75,79,100,3.87,overcast clouds
466,Pemangkat,ID,2021-07-06 17:03:43,1.1667,108.9667,78.3,77,42,7.02,scattered clouds
467,Swan Hill,AU,2021-07-06 17:03:43,-35.3378,143.5544,39.87,83,14,4.34,few clouds
468,Brigantine,US,2021-07-06 17:03:44,39.4101,-74.3646,93.02,59,1,11.5,clear sky
469,Saldanha,ZA,2021-07-06 17:03:44,-33.0117,17.9442,55.15,78,1,13.67,clear sky
470,Dawei,MM,2021-07-06 17:03:44,14.0833,98.2,78.53,88,100,2.17,heavy intensity rain
471,Moyo,UG,2021-07-06 17:03:45,3.6609,31.7247,64.89,98,99,2.73,moderate rain
472,Kenai,US,2021-07-06 17:03:45,60.5544,-151.2583,54.03,93,90,0.0,light rain
473,Carnarvon,AU,2021-07-06 17:03:45,-24.8667,113.6333,67.26,60,88,13.44,overcast clouds
474,Gimli,CA,2021-07-06 17:03:46,50.6336,-96.9907,58.42,55,53,13.85,broken clouds
475,Belawan,ID,2021-07-06 17:03:46,3.7755,98.6832,79.09,84,100,1.86,overcast clouds
476,Shimoda,JP,2021-07-06 17:03:46,34.6667,138.95,79.11,90,100,14.92,overcast clouds
477,Portland,US,2021-07-06 17:02:46,45.5234,-122.6762,77.45,65,75,1.99,broken clouds
478,Sao Joao Da Barra,BR,2021-07-06 17:03:47,-21.6403,-41.0511,71.74,60,28,8.21,scattered clouds
479,Semey,KZ,2021-07-06 17:03:47,50.4111,80.2275,73.92,70,89,4.0,overcast clouds
480,Dandong,CN,2021-07-06 17:03:47,40.1292,124.3947,65.8,94,16,2.93,few clouds
481,Nizwa,OM,2021-07-06 17:03:48,22.9333,57.5333,91.11,43,24,4.83,few clouds
482,Adre,TD,2021-07-06 17:03:48,13.4667,22.2,88.79,39,54,11.52,broken clouds
483,Kushiro,JP,2021-07-06 17:03:48,42.975,144.3747,58.23,99,100,6.46,overcast clouds
484,Umba,RU,2021-07-06 17:03:49,66.6871,34.3429,67.37,58,100,6.02,overcast clouds
485,Huilong,CN,2021-07-06 17:03:49,31.8111,121.655,81.99,92,100,12.21,light rain
486,Praya,CV,2021-07-06 17:03:49,14.9215,-23.5087,79.34,69,40,12.66,scattered clouds
487,Aviles,ES,2021-07-06 17:03:50,43.5547,-5.9248,68.94,70,40,5.01,scattered clouds
488,Ola,RU,2021-07-06 17:03:50,59.5833,151.2833,50.92,96,100,5.12,overcast clouds
489,Mayskiy,RU,2021-07-06 17:03:50,47.6931,40.1025,71.01,86,98,2.48,moderate rain
490,Palauig,PH,2021-07-06 17:03:51,15.435,119.9045,80.42,80,91,8.61,overcast clouds
491,Sekoma,BW,2021-07-06 17:03:51,-24.4,23.8833,58.69,37,0,6.15,clear sky
492,Termiz,UZ,2021-07-06 17:03:51,37.2242,67.2783,93.29,21,20,0.0,few clouds
493,Champerico,GT,2021-07-06 17:03:52,14.3,-91.9167,88.34,72,15,4.45,few clouds
494,Jizan,SA,2021-07-06 17:03:52,17.3333,42.6667,93.69,44,88,2.98,overcast clouds
495,Kavaratti,IN,2021-07-06 17:03:52,10.5669,72.642,82.72,78,44,16.93,scattered clouds
496,Kulhudhuffushi,MV,2021-07-06 17:03:52,6.6221,73.07,82.74,79,69,18.41,broken clouds
497,Pipili,IN,2021-07-06 17:03:53,20.1167,85.8333,88.21,94,75,4.61,haze
498,Bulungu,CD,2021-07-06 17:03:53,-4.55,18.6,81.97,31,28,0.65,scattered clouds
499,Salalah,OM,2021-07-06 17:03:53,17.0151,54.0924,80.69,94,75,6.91,broken clouds
500,Colomiers,FR,2021-07-06 17:03:54,43.6167,1.35,71.08,62,100,3.0,overcast clouds
501,Japura,ID,2021-07-06 17:03:54,-0.3167,102.35,73.15,97,91,1.68,overcast clouds
502,Lithgow,AU,2021-07-06 17:03:55,-33.4833,150.15,29.86,91,63,0.67,broken clouds
503,Maarianhamina,AX,2021-07-06 17:03:55,60.0973,19.9348,69.66,83,0,16.11,clear sky
504,Chipinge,ZW,2021-07-06 17:02:11,-20.1883,32.6236,53.38,82,30,3.98,scattered clouds
505,Araouane,ML,2021-07-06 17:03:56,18.9048,-3.5265,112.71,7,30,9.22,scattered clouds
506,Rio Gallegos,AR,2021-07-06 17:03:56,-51.6226,-69.2181,39.18,66,2,2.08,clear sky
507,Poya,NC,2021-07-06 17:03:56,-21.35,165.15,71.28,92,98,4.79,overcast clouds
508,La Rioja,ES,2021-07-06 17:03:57,42.25,-2.5,67.78,43,100,11.3,overcast clouds
509,Omsukchan,RU,2021-07-06 17:03:57,62.5333,155.8,63.48,72,99,2.37,overcast clouds
510,Heide,DE,2021-07-06 17:03:57,54.2,9.1,73.49,91,81,1.99,broken clouds
511,Prince Rupert,CA,2021-07-06 17:03:58,54.3161,-130.3201,57.78,86,95,4.74,overcast clouds
512,Port Macquarie,AU,2021-07-06 17:03:58,-31.4333,152.9167,45.37,74,32,6.51,scattered clouds
513,Gigmoto,PH,2021-07-06 17:02:06,13.7796,124.39,80.19,82,58,1.57,broken clouds
514,Henties Bay,NA,2021-07-06 17:03:59,-22.116,14.2845,54.86,84,0,9.55,clear sky
515,Tazovskiy,RU,2021-07-06 17:03:59,67.4667,78.7,47.46,58,0,7.81,clear sky
516,Avila,ES,2021-07-06 17:04:00,40.5833,-5.0,64.65,30,100,9.1,overcast clouds
517,Alihe,CN,2021-07-06 17:04:00,50.5667,123.7167,62.67,96,87,2.46,overcast clouds
518,Puerto Del Rosario,ES,2021-07-06 17:04:00,28.5004,-13.8627,76.68,73,20,19.57,few clouds
519,Havre-Saint-Pierre,CA,2021-07-06 17:04:01,50.2334,-63.5986,63.79,66,43,11.3,scattered clouds
520,Touros,BR,2021-07-06 17:04:01,-5.1989,-35.4608,84.24,60,34,17.6,scattered clouds
521,Bonthe,SL,2021-07-06 17:04:02,7.5264,-12.505,80.65,76,94,9.6,light rain
522,Turayf,SA,2021-07-06 17:04:02,31.6725,38.6637,88.38,13,0,10.98,clear sky
523,Avera,US,2021-07-06 17:04:03,33.194,-82.5271,90.72,41,98,7.49,overcast clouds
524,Axim,GH,2021-07-06 17:04:03,4.8699,-2.2405,78.57,79,92,9.78,overcast clouds
525,Acari,PE,2021-07-06 17:04:04,-15.4311,-74.6158,70.74,57,27,9.35,scattered clouds
526,Haines Junction,CA,2021-07-06 17:04:04,60.7522,-137.5108,60.01,50,100,5.32,overcast clouds
527,Hokitika,NZ,2021-07-06 17:04:05,-42.7167,170.9667,52.5,81,97,20.76,overcast clouds
528,Albolote,ES,2021-07-06 17:04:05,37.2309,-3.6551,90.88,24,0,5.99,clear sky
529,Gardez,AF,2021-07-06 17:04:05,33.5974,69.2259,69.51,41,72,3.06,broken clouds
530,Sorong,ID,2021-07-06 17:04:06,-0.8833,131.25,77.38,87,100,3.71,overcast clouds
531,Xingyi,CN,2021-07-06 17:04:06,24.1877,102.817,61.79,94,65,1.07,broken clouds
532,Marsh Harbour,BS,2021-07-06 17:00:09,26.5412,-77.0636,83.5,73,100,18.68,overcast clouds
533,Olyka,UA,2021-07-06 17:04:06,50.7186,25.8125,73.69,79,17,4.72,few clouds
534,Ust-Tsilma,RU,2021-07-06 17:04:07,65.441,52.1498,70.29,44,39,4.38,scattered clouds
535,Dauphin,CA,2021-07-06 17:00:45,51.1494,-100.0502,57.69,56,98,7.36,overcast clouds
536,Namikupa,TZ,2021-07-06 17:04:07,-10.8333,39.6,69.71,73,100,3.89,overcast clouds
537,Lagoa,PT,2021-07-06 17:03:08,39.05,-27.9833,68.67,94,100,4.85,overcast clouds
538,Puqi,CN,2021-07-06 17:04:08,29.7167,113.8833,80.49,89,92,3.51,overcast clouds
539,Clovis,US,2021-07-06 17:01:02,36.8252,-119.7029,100.69,39,20,1.01,haze
540,Channel-Port Aux Basques,CA,2021-07-06 17:04:08,47.5702,-59.1367,60.69,75,3,11.79,clear sky
541,Mount Isa,AU,2021-07-06 17:04:08,-20.7333,139.5,51.57,46,4,0.0,clear sky
542,Tzaneen,ZA,2021-07-06 17:04:09,-23.8332,30.1635,53.82,75,88,1.16,overcast clouds
543,Chalisgaon,IN,2021-07-06 17:04:09,20.4667,75.0167,92.97,41,52,10.69,broken clouds
544,Karabuk,TR,2021-07-06 17:04:09,41.2049,32.6277,69.04,88,38,3.74,scattered clouds
545,Chor,PK,2021-07-06 17:04:10,25.5167,69.7667,91.92,46,21,19.93,few clouds
546,Akhmeta,GE,2021-07-06 17:04:10,42.0311,45.2075,72.12,83,50,7.34,scattered clouds
547,Albania,AL,2021-07-06 17:04:10,41.0,20.0,89.51,40,1,8.48,clear sky
548,Sundsvall,SE,2021-07-06 17:04:11,62.3913,17.3063,69.76,83,75,10.36,broken clouds
549,Abha,SA,2021-07-06 17:04:11,18.2164,42.5053,71.85,73,20,9.22,few clouds
550,Bahia Blanca,AR,2021-07-06 17:04:11,-38.7196,-62.2724,65.1,40,0,14.34,clear sky
551,Ahuimanu,US,2021-07-06 17:04:11,21.4447,-157.8378,78.51,74,75,8.05,broken clouds
552,Zhytomyr,UA,2021-07-06 17:04:12,50.2649,28.6767,71.4,87,100,5.59,overcast clouds
553,San Policarpo,PH,2021-07-06 17:04:12,12.1791,125.5072,79.36,81,47,0.69,scattered clouds
554,Timana,CO,2021-07-06 17:04:12,1.9714,-75.9312,76.3,58,62,4.56,broken clouds
555,Oktyabrskiy,RU,2021-07-06 17:04:13,54.4815,53.471,61.83,62,0,10.29,clear sky
556,Sanming,CN,2021-07-06 17:04:13,26.2486,117.6186,77.22,96,64,3.18,broken clouds
557,Cabedelo,BR,2021-07-06 17:00:52,-6.9811,-34.8339,80.22,73,23,15.08,few clouds
558,Sungairaya,ID,2021-07-06 17:04:13,0.7,108.9,78.53,78,74,6.58,broken clouds
559,Saint-Pierre,RE,2021-07-06 17:04:14,-21.3393,55.4781,73.04,77,75,14.97,broken clouds
560,Dingle,PH,2021-07-06 17:04:14,10.9995,122.6711,75.72,92,100,0.56,overcast clouds
561,Muros,ES,2021-07-06 17:04:14,42.7762,-9.0603,64.15,86,62,8.66,broken clouds
562,Borujerd,IR,2021-07-06 17:04:15,33.8973,48.7516,76.59,12,0,5.84,clear sky
563,Rio Branco,BR,2021-07-06 17:00:03,-9.9747,-67.81,94.44,31,0,0.89,clear sky
564,Ariquemes,BR,2021-07-06 17:00:21,-9.9133,-63.0408,93.56,26,0,3.74,clear sky
565,Kidal,ML,2021-07-06 17:04:15,18.4411,1.4078,111.38,6,54,11.86,broken clouds
566,Arman,RU,2021-07-06 17:04:15,59.7,150.1667,51.4,96,100,3.96,overcast clouds
567,Liberal,US,2021-07-06 17:04:16,37.0431,-100.921,84.47,65,40,10.36,scattered clouds
568,Tautira,PF,2021-07-06 17:04:16,-17.7333,-149.15,75.22,77,27,17.05,scattered clouds
569,Vieux-Habitants,GP,2021-07-06 17:04:16,16.0589,-61.7659,83.77,75,28,14.36,scattered clouds
570,Manati,PR,2021-07-06 17:04:17,18.4275,-66.4921,91.15,73,85,16.02,overcast clouds
571,Boysun,UZ,2021-07-06 17:04:17,38.2061,67.1986,84.0,18,10,7.99,clear sky
572,Maceio,BR,2021-07-06 17:01:02,-9.6658,-35.7353,80.04,73,75,12.66,broken clouds
573,Lieksa,FI,2021-07-06 17:04:17,63.3167,30.0167,71.64,49,100,7.38,overcast clouds
574,Fugen,AT,2021-07-06 17:04:18,47.35,11.85,84.52,81,72,4.76,broken clouds
575,Narsaq,GL,2021-07-06 17:04:18,60.9167,-46.05,48.42,93,100,4.34,overcast clouds
576,Plettenberg Bay,ZA,2021-07-06 17:04:18,-34.0527,23.3716,52.81,64,68,3.2,broken clouds
577,Tselinnoye,RU,2021-07-06 17:04:19,53.0833,85.6667,65.03,94,38,3.31,scattered clouds
578,Narrabri,AU,2021-07-06 17:04:19,-30.3167,149.7833,36.52,92,4,5.97,clear sky
579,Fairbanks,US,2021-07-06 17:04:19,64.8378,-147.7164,62.6,69,20,9.22,few clouds
580,Yar-Sale,RU,2021-07-06 17:04:20,66.8333,70.8333,56.44,53,38,2.08,scattered clouds
581,Fizesu Gherlii,RO,2021-07-06 17:04:20,47.0167,23.9833,81.52,71,5,5.21,clear sky
582,Kawambwa,ZM,2021-07-06 17:01:06,-9.7915,29.0791,62.58,37,8,5.19,clear sky
583,Vila Franca Do Campo,PT,2021-07-06 17:04:20,37.7167,-25.4333,72.01,90,61,5.86,broken clouds
584,Aykhal,RU,2021-07-06 17:04:21,66.0,111.5,61.88,94,99,15.79,light rain
585,Hirado,JP,2021-07-06 17:04:21,33.3597,129.5531,81.36,96,100,12.5,overcast clouds
586,Erenhot,CN,2021-07-06 17:04:21,43.6475,111.9767,75.24,38,15,6.78,few clouds
587,Pitimbu,BR,2021-07-06 17:04:22,-7.4706,-34.8086,84.79,72,13,13.53,few clouds
588,Sorland,NO,2021-07-06 17:04:22,67.667,12.6934,73.47,73,58,5.93,broken clouds
589,Hualmay,PE,2021-07-06 17:04:22,-11.0964,-77.6139,67.96,67,6,14.03,clear sky
590,Bayanday,RU,2021-07-06 17:04:22,53.0661,105.5139,60.98,61,59,1.79,broken clouds
591,Tigzirt,DZ,2021-07-06 17:04:23,36.8886,4.1198,85.12,48,1,5.14,clear sky
592,Barillas,GT,2021-07-06 17:04:23,15.8036,-91.3158,82.74,59,42,4.7,scattered clouds
593,Jaru,BR,2021-07-06 17:04:23,-10.4389,-62.4664,92.03,26,0,4.74,clear sky
594,Kahului,US,2021-07-06 17:04:24,20.8947,-156.47,78.84,78,20,13.8,few clouds
595,Sao Miguel Do Tapuio,BR,2021-07-06 17:04:24,-5.5036,-41.3233,97.3,24,35,5.28,scattered clouds
596,Ixtapa,MX,2021-07-06 17:04:24,20.7,-105.2,87.03,62,40,0.0,scattered clouds
597,Pitsunda,GE,2021-07-06 17:04:25,43.1592,40.3378,75.38,76,31,11.01,scattered clouds
598,Balikpapan,ID,2021-07-06 17:04:25,-1.2675,116.8289,75.94,90,26,5.08,scattered clouds
599,Konstantinovka,RU,2021-07-06 17:04:25,49.6167,127.9833,64.29,93,16,2.73,few clouds
600,Severo-Yeniseyskiy,RU,2021-07-06 17:04:26,60.3725,93.0408,61.84,99,100,3.94,light rain
601,Morant Bay,JM,2021-07-06 17:04:26,17.8815,-76.4093,87.62,72,96,12.91,overcast clouds
602,At-Bashi,KG,2021-07-06 17:04:26,41.1702,75.8106,60.06,62,49,1.99,scattered clouds
603,Huanta,PE,2021-07-06 17:04:27,-12.9333,-74.25,66.6,30,0,2.3,clear sky
604,Matara,LK,2021-07-06 17:04:27,5.9485,80.5353,79.29,87,96,10.42,overcast clouds
605,Mossendjo,CG,2021-07-06 17:04:27,-2.9506,12.7261,76.5,57,72,2.46,broken clouds
606,Andenes,NO,2021-07-06 17:03:11,69.3143,16.1194,67.98,73,0,3.44,clear sky
607,Rovaniemi,FI,2021-07-06 17:01:54,66.5,25.7167,80.01,41,0,10.36,clear sky
608,Thunder Bay,CA,2021-07-06 17:04:28,48.4001,-89.3168,59.99,58,100,5.77,overcast clouds
609,Zabid,YE,2021-07-06 17:04:28,14.1951,43.3152,89.04,55,46,5.77,scattered clouds
610,Coffs Harbour,AU,2021-07-06 17:04:28,-30.3,153.1333,45.14,95,21,4.61,mist
611,Floro,NO,2021-07-06 17:04:29,61.5996,5.0328,73.47,68,40,13.8,scattered clouds
612,Kosice,SK,2021-07-06 17:04:29,48.6667,21.3333,84.69,40,0,2.3,clear sky
613,Falkenberg,SE,2021-07-06 17:04:30,56.9055,12.4912,73.54,95,97,5.75,light rain
614,Waipawa,NZ,2021-07-06 17:04:30,-41.4122,175.5153,54.03,77,86,23.4,overcast clouds
615,Gat,IL,2021-07-06 17:04:30,31.61,34.7642,81.81,27,0,8.7,clear sky
616,Kharp,RU,2021-07-06 17:04:31,66.8014,65.8081,58.66,51,71,6.24,broken clouds
617,La Gomera,GT,2021-07-06 17:04:31,14.0833,-91.05,92.26,67,19,5.77,few clouds
618,Karangampel,ID,2021-07-06 17:04:31,-6.4622,108.4519,76.69,72,52,6.44,broken clouds
619,La Ronge,CA,2021-07-06 17:04:32,55.1001,-105.2842,57.24,50,15,5.55,few clouds
620,Pocone,BR,2021-07-06 17:04:32,-16.2567,-56.6228,94.55,12,0,2.06,clear sky
621,Nortelandia,BR,2021-07-06 17:04:32,-14.4547,-56.8028,95.07,15,0,0.2,clear sky
622,Ilebo,CD,2021-07-06 17:02:13,-4.3167,20.5833,82.17,36,99,0.38,overcast clouds
623,Kurilsk,RU,2021-07-06 17:04:33,45.2333,147.8833,50.58,95,100,9.93,overcast clouds
624,Petawawa,CA,2021-07-06 17:00:05,45.9001,-77.3328,82.27,66,42,4.0,scattered clouds
625,Ahipara,NZ,2021-07-06 17:04:33,-35.1667,173.1667,54.54,94,100,2.57,light rain
626,Tondano,ID,2021-07-06 17:04:33,1.3038,124.9112,69.89,89,100,1.86,heavy intensity rain
627,Shache,CN,2021-07-06 17:04:34,38.4167,77.2406,87.58,22,100,5.95,overcast clouds
628,Sao Joao De Pirabas,BR,2021-07-06 17:04:34,-0.7747,-47.1772,82.76,76,13,7.14,few clouds
629,Okitipupa,NG,2021-07-06 17:04:34,6.5047,4.7839,81.45,69,83,5.66,broken clouds
630,Dzhebariki-Khaya,RU,2021-07-06 17:04:35,62.2167,135.8,60.6,99,100,2.66,light rain
631,Abu Samrah,SY,2021-07-06 17:04:35,35.3029,37.1841,83.77,35,0,14.63,clear sky
632,Tshikapa,CD,2021-07-06 17:04:35,-6.4167,20.8,78.57,22,100,1.14,overcast clouds
633,Garachine,PA,2021-07-06 17:04:36,8.0647,-78.3628,83.84,72,83,3.78,broken clouds
634,San Vicente,AR,2021-07-06 17:04:36,-26.6167,-54.1333,73.72,41,6,3.65,clear sky
635,Mayna,RU,2021-07-06 17:04:36,54.1135,47.6231,61.57,67,0,9.19,clear sky
636,Road Town,VG,2021-07-06 17:00:22,18.4167,-64.6167,86.2,76,55,20.49,broken clouds
637,Port-Gentil,GA,2021-07-06 17:04:37,-0.7193,8.7815,76.17,80,39,11.83,scattered clouds
638,Saint Augustine,US,2021-07-06 17:03:02,29.8947,-81.3145,86.27,80,1,11.5,clear sky
639,Palmer,US,2021-07-06 17:04:37,42.1584,-72.3287,90.14,61,75,1.99,broken clouds
640,Desbiens,CA,2021-07-06 17:04:37,48.4178,-71.9495,71.04,89,99,9.6,overcast clouds
641,Payo,ID,2021-07-06 17:04:38,-3.7508,103.6372,72.25,92,50,1.97,scattered clouds
642,Port Hardy,CA,2021-07-06 17:04:38,50.6996,-127.4199,57.61,84,99,3.96,overcast clouds
643,Zambezi,ZM,2021-07-06 17:04:38,-13.5432,23.1047,66.07,25,5,5.66,clear sky
644,Mackay,AU,2021-07-06 17:04:38,-21.15,149.2,61.68,81,19,11.18,few clouds
645,Los Llanos De Aridane,ES,2021-07-06 17:04:39,28.6585,-17.9182,72.12,83,75,17.27,broken clouds
646,Dabakala,CI,2021-07-06 17:04:39,8.3667,-4.4333,83.19,67,97,4.79,overcast clouds
647,Djenne,ML,2021-07-06 17:04:39,13.9061,-4.5533,99.91,29,62,5.21,broken clouds
648,Meteti,PA,2021-07-06 17:04:40,8.4983,-77.9786,88.63,62,90,2.13,overcast clouds
649,Chiriqui Grande,PA,2021-07-06 17:04:40,8.95,-82.1167,89.08,66,54,4.74,broken clouds
650,Sarakhs,IR,2021-07-06 17:04:40,36.5449,61.1577,100.87,8,0,8.52,clear sky
651,Bairiki,KI,2021-07-06 17:04:41,1.3292,172.9752,78.8,89,75,6.91,broken clouds
652,Obihiro,JP,2021-07-06 17:03:04,42.9172,143.2044,61.0,99,100,1.97,overcast clouds
653,Eyl,SO,2021-07-06 17:04:41,7.9803,49.8164,79.74,74,82,25.08,broken clouds
654,Banda Aceh,ID,2021-07-06 17:04:41,5.5577,95.3222,81.05,69,100,9.89,overcast clouds
655,Siteki,SZ,2021-07-06 17:04:42,-26.45,31.95,53.96,81,49,4.38,scattered clouds
656,Bastia,FR,2021-07-06 17:02:43,42.6667,9.3333,85.8,62,20,9.22,few clouds
657,Ulaanbaatar,MN,2021-07-06 17:04:42,47.9077,106.8832,60.44,78,37,4.38,scattered clouds
658,Jalu,LY,2021-07-06 17:04:42,29.0331,21.5482,99.91,13,0,12.19,clear sky
659,Antalaha,MG,2021-07-06 17:04:43,-14.9003,50.2788,70.79,79,21,8.68,light rain
660,Rocky Mountain House,CA,2021-07-06 17:04:43,52.3668,-114.9188,58.84,91,99,2.82,overcast clouds
661,Mayo,US,2021-07-06 17:04:43,38.8876,-76.5119,97.0,66,1,1.01,clear sky
662,Marshall,US,2021-07-06 17:04:44,34.3834,-86.3333,88.61,73,40,3.0,scattered clouds
663,Tucumcari,US,2021-07-06 17:02:02,35.1717,-103.725,80.94,57,1,3.44,clear sky
664,Cap Malheureux,MU,2021-07-06 17:04:45,-19.9842,57.6142,73.47,69,1,7.0,clear sky
665,Mamallapuram,IN,2021-07-06 17:04:45,12.6264,80.1722,86.05,78,100,12.95,overcast clouds
666,Torello,ES,2021-07-06 17:04:46,42.0463,2.2668,84.61,50,45,9.31,scattered clouds
667,Mpika,ZM,2021-07-06 17:04:46,-11.8343,31.4529,53.85,51,5,1.81,clear sky
668,Angoram,PG,2021-07-06 17:04:46,-4.0625,144.0661,73.92,98,93,0.74,overcast clouds
669,Emmett,US,2021-07-06 17:04:46,43.8735,-116.4993,94.48,24,3,6.22,clear sky
670,Camara De Lobos,PT,2021-07-06 17:04:47,32.6333,-16.9667,76.71,84,40,6.91,scattered clouds
671,Klyuchi,RU,2021-07-06 17:04:47,52.2667,79.1667,67.28,92,71,5.79,broken clouds
672,Forbes,AU,2021-07-06 17:04:48,-33.3833,148.0167,34.92,92,20,4.54,few clouds
673,Ratnagiri,IN,2021-07-06 17:04:48,16.9833,73.3,83.08,82,59,4.61,light rain
674,Leningradskiy,RU,2021-07-06 17:04:48,69.3833,178.4167,48.18,71,4,5.12,clear sky
675,Ancud,CL,2021-07-06 17:04:49,-41.8697,-73.8203,56.73,88,48,15.84,light rain
676,Sakakah,SA,2021-07-06 17:04:49,29.9697,40.2064,99.01,11,0,11.39,clear sky
677,Urumqi,CN,2021-07-06 17:04:49,43.801,87.6005,85.15,25,0,8.95,clear sky
678,Batalha,BR,2021-07-06 17:04:50,-9.6778,-37.1247,82.65,55,45,8.37,scattered clouds
